quality_label,alcohol,volatile acidity,citric acid,alcohol_bin,volatile acidity_bin,citric acid_bin
中等,9.4,0.7,0.0,Q1,Q4,Q1
中等,9.8,0.88,0.0,Q2,Q4,Q1
中等,9.8,0.76,0.04,Q2,Q4,Q1
中等,9.8,0.28,0.56,Q2,Q1,Q4
中等,9.4,0.7,0.0,Q1,Q4,Q1
中等,9.4,0.66,0.0,Q1,Q4,Q1
中等,9.4,0.6,0.06,Q1,Q3,Q1
好酒,10.0,0.65,0.0,Q2,Q4,Q1
好酒,9.5,0.58,0.02,Q1,Q3,Q1
中等,10.5,0.5,0.36,Q3,Q2,Q3
中等,9.2,0.58,0.08,Q1,Q3,Q1
中等,10.5,0.5,0.36,Q3,Q2,Q3
中等,9.9,0.615,0.0,Q2,Q3,Q1
中等,9.1,0.61,0.29,Q1,Q3,Q3
中等,9.2,0.62,0.18,Q1,Q3,Q2
中等,9.2,0.62,0.19,Q1,Q3,Q2
好酒,10.5,0.28,0.56,Q3,Q1,Q4
中等,9.3,0.56,0.28,Q1,Q3,Q3
差酒,9.0,0.59,0.08,Q1,Q3,Q1
中等,9.2,0.32,0.51,Q1,Q1,Q4
中等,9.4,0.22,0.48,Q1,Q1,Q4
中等,9.7,0.39,0.31,Q2,Q1,Q3
中等,9.5,0.43,0.21,Q1,Q2,Q2
中等,9.4,0.49,0.11,Q1,Q2,Q2
中等,9.7,0.4,0.14,Q2,Q2,Q2
中等,9.3,0.39,0.16,Q1,Q1,Q2
中等,9.5,0.41,0.24,Q1,Q2,Q2
中等,9.5,0.43,0.21,Q1,Q2,Q2
中等,9.4,0.71,0.0,Q1,Q4,Q1
中等,9.8,0.645,0.0,Q2,Q4,Q1
中等,10.1,0.675,0.07,Q2,Q4,Q1
中等,10.6,0.685,0.0,Q3,Q4,Q1
中等,9.8,0.655,0.12,Q2,Q4,Q2
中等,9.4,0.605,0.12,Q1,Q3,Q2
中等,9.2,0.32,0.25,Q1,Q1,Q2
中等,9.6,0.645,0.0,Q2,Q4,Q1
中等,10.8,0.6,0.14,Q3,Q3,Q2
好酒,9.7,0.38,0.28,Q2,Q1,Q3
差酒,9.8,1.13,0.09,Q2,Q4,Q1
中等,10.5,0.45,0.36,Q3,Q2,Q3
中等,10.5,0.45,0.36,Q3,Q2,Q3
差酒,9.3,0.61,0.3,Q1,Q3,Q3
中等,10.5,0.49,0.2,Q3,Q2,Q2
中等,10.3,0.66,0.22,Q3,Q4,Q2
中等,9.5,0.67,0.02,Q1,Q4,Q1
差酒,13.1,0.52,0.15,Q4,Q2,Q2
中等,9.2,0.935,0.43,Q1,Q4,Q4
中等,9.5,0.29,0.52,Q1,Q1,Q4
中等,9.2,0.4,0.23,Q1,Q2,Q2
中等,9.2,0.31,0.37,Q1,Q1,Q3
中等,9.2,0.66,0.26,Q1,Q4,Q2
中等,9.4,0.52,0.04,Q1,Q2,Q1
中等,9.4,0.5,0.04,Q1,Q2,Q1
中等,9.4,0.38,0.36,Q1,Q1,Q3
中等,10.2,0.51,0.15,Q2,Q2,Q2
中等,9.5,0.62,0.04,Q1,Q3,Q1
中等,9.6,0.42,0.57,Q2,Q2,Q4
中等,9.4,0.63,0.12,Q1,Q3,Q2
中等,10.0,0.59,0.18,Q2,Q3,Q2
中等,9.4,0.39,0.31,Q1,Q1,Q3
中等,9.2,0.4,0.4,Q1,Q2,Q3
中等,9.3,0.69,0.49,Q1,Q4,Q4
好酒,9.5,0.52,0.16,Q1,Q2,Q2
中等,9.8,0.735,0.05,Q2,Q4,Q1
中等,10.9,0.725,0.05,Q3,Q4,Q1
中等,10.9,0.725,0.05,Q3,Q4,Q1
中等,9.6,0.52,0.11,Q2,Q2,Q2
中等,10.7,0.705,0.07,Q3,Q4,Q1
中等,10.7,0.32,0.57,Q3,Q1,Q4
中等,10.5,0.705,0.05,Q3,Q4,Q1
中等,9.5,0.63,0.08,Q1,Q3,Q1
中等,9.5,0.67,0.23,Q1,Q4,Q2
中等,9.5,0.69,0.22,Q1,Q4,Q2
差酒,9.2,0.675,0.26,Q1,Q4,Q2
中等,9.6,0.32,0.54,Q2,Q1,Q4
中等,10.5,0.41,0.64,Q3,Q2,Q4
中等,10.5,0.41,0.64,Q3,Q2,Q4
中等,10.7,0.785,0.0,Q3,Q4,Q1
中等,10.1,0.75,0.12,Q2,Q4,Q2
差酒,9.1,0.625,0.2,Q1,Q3,Q2
中等,9.2,0.45,0.2,Q1,Q2,Q2
中等,9.4,0.43,0.7,Q1,Q2,Q4
中等,9.1,0.5,0.47,Q1,Q2,Q4
中等,9.4,0.67,0.26,Q1,Q4,Q2
中等,10.3,0.3,0.48,Q3,Q1,Q4
中等,10.1,0.55,0.15,Q2,Q3,Q2
中等,9.9,0.49,0.28,Q2,Q2,Q3
中等,9.6,0.49,0.26,Q2,Q2,Q2
中等,9.5,0.39,0.44,Q1,Q1,Q4
中等,9.0,0.62,0.08,Q1,Q3,Q1
中等,9.5,0.52,0.26,Q1,Q2,Q2
中等,9.9,0.49,0.28,Q2,Q2,Q3
中等,9.8,0.49,0.29,Q2,Q2,Q3
中等,9.6,0.49,0.26,Q2,Q2,Q2
差酒,10.5,1.02,0.04,Q3,Q4,Q1
中等,12.9,0.6,0.17,Q4,Q3,Q2
中等,10.7,0.775,0.0,Q3,Q4,Q1
中等,9.2,0.5,0.25,Q1,Q2,Q2
中等,9.8,0.9,0.06,Q2,Q4,Q1
中等,9.0,0.545,0.18,Q1,Q3,Q2
中等,10.2,0.61,0.3,Q2,Q3,Q3
中等,10.4,0.5,0.3,Q3,Q2,Q3
中等,9.0,0.545,0.18,Q1,Q3,Q2
中等,9.2,0.575,0.22,Q1,Q3,Q2
中等,9.4,0.49,0.24,Q1,Q2,Q2
中等,9.2,0.575,0.22,Q1,Q3,Q2
中等,9.3,0.41,0.68,Q1,Q2,Q4
中等,9.3,0.63,0.31,Q1,Q3,Q3
中等,9.6,0.33,0.53,Q2,Q1,Q4
中等,9.3,0.785,0.52,Q1,Q4,Q4
中等,9.5,0.56,0.19,Q1,Q3,Q2
中等,9.8,0.62,0.09,Q2,Q3,Q1
中等,9.8,0.6,0.1,Q2,Q3,Q2
中等,9.7,0.31,0.44,Q2,Q1,Q4
中等,9.5,0.56,0.19,Q1,Q3,Q2
中等,10.5,0.4,0.31,Q3,Q2,Q3
中等,10.0,0.54,0.28,Q2,Q3,Q3
中等,9.4,0.56,0.12,Q1,Q3,Q2
中等,10.9,0.55,0.04,Q3,Q3,Q1
中等,9.2,0.69,0.08,Q1,Q4,Q1
中等,9.0,1.07,0.09,Q1,Q4,Q1
中等,10.9,0.55,0.04,Q3,Q3,Q1
中等,9.2,0.695,0.0,Q1,Q4,Q1
中等,9.5,0.71,0.0,Q1,Q4,Q1
中等,9.5,0.5,0.17,Q1,Q2,Q2
中等,9.4,0.62,0.04,Q1,Q3,Q1
中等,10.9,1.33,0.0,Q3,Q4,Q1
中等,10.9,1.33,0.0,Q3,Q4,Q1
好酒,10.5,0.59,0.16,Q3,Q3,Q2
中等,9.4,0.38,0.15,Q1,Q1,Q2
中等,9.4,0.745,0.56,Q1,Q4,Q4
中等,13.0,0.5,0.09,Q4,Q2,Q1
中等,13.0,0.5,0.09,Q4,Q2,Q1
中等,9.8,0.5,0.01,Q2,Q2,Q1
中等,9.9,1.04,0.05,Q2,Q4,Q1
中等,9.6,0.745,0.11,Q2,Q4,Q2
中等,9.5,0.715,0.15,Q1,Q4,Q2
中等,9.2,0.415,0.36,Q1,Q2,Q3
中等,9.5,0.56,0.19,Q1,Q3,Q2
中等,9.5,0.56,0.19,Q1,Q3,Q2
中等,9.6,0.745,0.11,Q2,Q4,Q2
中等,9.5,0.715,0.15,Q1,Q4,Q2
中等,14.0,0.34,0.0,Q4,Q1,Q1
中等,9.4,0.39,0.08,Q1,Q1,Q1
中等,14.0,0.34,0.0,Q4,Q1,Q1
中等,9.4,0.67,0.55,Q1,Q4,Q4
中等,10.0,0.68,0.02,Q2,Q4,Q1
中等,9.3,0.49,0.26,Q1,Q2,Q2
中等,10.2,0.49,0.1,Q2,Q2,Q2
中等,10.5,0.4,0.44,Q3,Q2,Q4
中等,10.3,0.33,0.47,Q3,Q1,Q4
差酒,9.4,0.52,1.0,Q1,Q2,Q4
中等,10.1,0.6,0.03,Q2,Q3,Q1
中等,10.1,0.6,0.03,Q2,Q3,Q1
中等,10.5,0.43,0.42,Q3,Q2,Q3
中等,10.5,0.43,0.42,Q3,Q2,Q3
中等,10.5,0.43,0.42,Q3,Q2,Q3
中等,10.5,0.43,0.42,Q3,Q2,Q3
中等,9.3,0.68,0.0,Q1,Q4,Q1
中等,9.3,0.6,0.18,Q1,Q3,Q2
中等,9.6,0.95,0.03,Q2,Q4,Q1
差酒,9.2,0.68,0.02,Q1,Q4,Q1
中等,10.0,0.53,0.04,Q2,Q3,Q1
中等,9.4,0.6,0.26,Q1,Q3,Q2
中等,9.4,0.59,0.26,Q1,Q3,Q2
中等,9.5,0.63,0.48,Q1,Q3,Q4
中等,10.2,0.64,0.1,Q2,Q3,Q2
差酒,9.0,0.55,0.03,Q1,Q3,Q1
中等,10.4,0.63,0.07,Q3,Q3,Q1
中等,9.5,0.705,0.24,Q1,Q4,Q2
差酒,9.1,0.885,0.03,Q1,Q4,Q1
中等,9.2,0.42,0.17,Q1,Q2,Q2
中等,9.2,0.42,0.17,Q1,Q2,Q2
中等,11.5,0.62,0.05,Q4,Q3,Q1
中等,9.5,0.38,0.21,Q1,Q1,Q2
中等,9.5,0.5,0.04,Q1,Q2,Q1
中等,9.5,0.38,0.21,Q1,Q1,Q2
中等,10.5,0.52,0.42,Q3,Q2,Q3
中等,9.6,0.805,0.0,Q2,Q4,Q1
中等,9.5,0.61,0.14,Q1,Q3,Q2
中等,9.5,0.61,0.14,Q1,Q3,Q2
中等,9.3,0.61,0.49,Q1,Q3,Q4
中等,9.3,0.73,0.02,Q1,Q4,Q1
中等,9.3,0.61,0.2,Q1,Q3,Q2
中等,9.3,0.62,0.21,Q1,Q3,Q2
中等,9.7,0.31,0.57,Q2,Q1,Q4
中等,9.2,0.39,0.48,Q1,Q1,Q4
中等,9.7,0.705,0.1,Q2,Q4,Q2
中等,9.5,0.5,0.33,Q1,Q2,Q3
中等,9.5,0.49,0.32,Q1,Q2,Q3
中等,9.4,0.5,0.35,Q1,Q2,Q3
中等,9.8,0.37,0.25,Q2,Q1,Q2
中等,9.5,0.63,0.12,Q1,Q3,Q2
中等,9.7,0.55,0.21,Q2,Q3,Q2
中等,9.7,0.55,0.21,Q2,Q3,Q2
中等,9.4,0.59,0.33,Q1,Q3,Q3
中等,10.2,0.58,0.3,Q2,Q3,Q3
中等,10.1,0.3,0.6,Q2,Q1,Q4
好酒,13.0,0.835,0.08,Q4,Q4,Q1
差酒,11.4,1.09,0.06,Q4,Q4,Q1
好酒,10.3,0.32,0.47,Q3,Q1,Q4
中等,9.3,0.37,0.48,Q1,Q1,Q4
中等,9.5,0.5,0.11,Q1,Q2,Q2
中等,9.2,0.42,0.35,Q1,Q2,Q3
中等,9.2,0.43,0.36,Q1,Q2,Q3
好酒,10.8,0.3,0.74,Q3,Q1,Q4
好酒,10.8,0.3,0.74,Q3,Q1,Q4
中等,9.3,0.57,0.31,Q1,Q3,Q3
中等,9.4,0.44,0.28,Q1,Q2,Q3
好酒,10.5,0.3,0.58,Q3,Q1,Q4
中等,12.4,0.53,0.6,Q4,Q3,Q4
中等,10.0,0.725,0.24,Q2,Q4,Q2
中等,10.2,0.44,0.64,Q2,Q2,Q4
中等,10.1,0.57,0.26,Q2,Q3,Q2
中等,9.8,0.735,0.08,Q2,Q4,Q1
中等,10.5,0.49,0.49,Q3,Q2,Q4
中等,11.0,0.625,0.16,Q3,Q3,Q2
中等,9.1,0.725,0.22,Q1,Q4,Q2
中等,9.7,0.49,0.19,Q2,Q2,Q2
中等,9.5,0.53,0.33,Q1,Q3,Q3
中等,9.4,0.34,0.37,Q1,Q1,Q3
中等,9.4,0.53,0.26,Q1,Q3,Q2
中等,9.5,0.61,0.04,Q1,Q3,Q1
中等,10.0,0.645,0.25,Q2,Q4,Q2
差酒,10.4,0.635,0.36,Q3,Q3,Q3
中等,10.5,0.43,0.25,Q3,Q2,Q2
中等,9.5,0.59,0.5,Q1,Q3,Q4
中等,9.8,0.82,0.14,Q2,Q4,Q2
中等,10.5,0.43,0.25,Q3,Q2,Q2
中等,11.0,0.52,0.25,Q3,Q2,Q2
好酒,12.2,0.48,0.04,Q4,Q2,Q1
中等,9.9,0.38,0.06,Q2,Q1,Q1
中等,9.6,0.37,0.2,Q2,Q1,Q2
中等,11.0,0.52,0.25,Q3,Q2,Q2
中等,9.0,1.0,0.09,Q1,Q4,Q1
中等,9.0,0.63,0.0,Q1,Q3,Q1
中等,9.0,0.63,0.0,Q1,Q3,Q1
中等,9.2,0.645,0.0,Q1,Q4,Q1
中等,9.0,0.63,0.0,Q1,Q3,Q1
中等,9.0,1.0,0.09,Q1,Q4,Q1
中等,9.3,0.635,0.37,Q1,Q3,Q3
中等,10.9,0.38,0.56,Q3,Q1,Q4
中等,9.8,0.58,0.1,Q2,Q3,Q2
好酒,9.2,0.21,0.44,Q1,Q1,Q4
好酒,9.2,0.21,0.44,Q1,Q1,Q4
中等,9.9,0.66,0.0,Q2,Q4,Q1
中等,9.5,0.68,0.07,Q1,Q4,Q1
中等,9.3,0.6,0.17,Q1,Q3,Q2
中等,9.8,0.53,0.06,Q2,Q3,Q1
中等,9.9,0.66,0.0,Q2,Q4,Q1
中等,10.0,0.32,0.44,Q2,Q1,Q4
中等,9.9,0.6,0.0,Q2,Q3,Q1
中等,10.5,0.35,0.48,Q3,Q1,Q4
中等,9.5,0.775,0.42,Q1,Q4,Q3
中等,9.9,0.6,0.0,Q2,Q3,Q1
中等,9.3,0.57,0.23,Q1,Q3,Q2
中等,9.2,0.34,0.37,Q1,Q1,Q3
中等,9.2,0.695,0.0,Q1,Q4,Q1
中等,9.4,0.41,0.76,Q1,Q2,Q4
好酒,10.5,0.31,0.47,Q3,Q1,Q4
中等,9.3,0.33,0.23,Q1,Q1,Q2
差酒,9.4,0.975,0.04,Q1,Q4,Q1
中等,10.0,0.52,0.03,Q2,Q2,Q1
中等,9.3,0.37,0.23,Q1,Q1,Q2
中等,10.9,0.56,0.49,Q3,Q3,Q4
好酒,10.2,0.26,0.52,Q2,Q1,Q4
差酒,9.8,0.87,0.0,Q2,Q4,Q1
好酒,12.8,0.35,0.46,Q4,Q1,Q4
中等,9.4,0.54,0.04,Q1,Q3,Q1
中等,10.1,0.18,0.51,Q2,Q1,Q4
中等,10.7,0.545,0.06,Q3,Q3,Q1
中等,10.1,0.18,0.51,Q2,Q1,Q4
中等,10.1,0.37,0.58,Q2,Q1,Q4
中等,9.4,0.715,0.2,Q1,Q4,Q2
中等,9.4,0.65,0.18,Q1,Q4,Q2
中等,10.7,0.545,0.06,Q3,Q3,Q1
中等,9.4,0.54,0.04,Q1,Q3,Q1
中等,10.1,0.18,0.51,Q2,Q1,Q4
好酒,12.6,0.32,0.45,Q4,Q1,Q4
好酒,10.5,0.4,0.32,Q3,Q2,Q3
中等,9.3,0.26,0.44,Q1,Q1,Q4
好酒,9.9,0.27,0.68,Q2,Q1,Q4
中等,9.1,0.52,0.12,Q1,Q2,Q2
好酒,10.5,0.4,0.32,Q3,Q2,Q3
中等,9.8,0.59,0.07,Q2,Q3,Q1
中等,9.8,0.59,0.07,Q2,Q3,Q1
中等,10.3,0.45,0.55,Q3,Q2,Q4
中等,10.3,0.4,0.12,Q3,Q2,Q2
好酒,10.6,0.52,0.09,Q3,Q2,Q1
中等,9.2,0.42,0.53,Q1,Q2,Q4
好酒,10.6,0.52,0.09,Q3,Q2,Q1
中等,10.5,0.2,0.48,Q3,Q1,Q4
中等,10.3,0.55,0.23,Q3,Q3,Q2
中等,10.1,0.36,0.25,Q2,Q1,Q2
中等,9.5,0.34,0.52,Q1,Q1,Q4
中等,9.5,0.5,0.46,Q1,Q2,Q4
中等,9.9,0.83,0.37,Q2,Q4,Q3
中等,9.6,0.63,0.06,Q2,Q3,Q1
中等,9.7,0.65,0.02,Q2,Q4,Q1
中等,9.6,0.67,0.06,Q2,Q4,Q1
中等,10.7,0.53,0.06,Q3,Q3,Q1
中等,10.1,0.18,0.48,Q2,Q1,Q4
中等,10.0,0.705,0.12,Q2,Q4,Q2
中等,9.5,0.67,0.12,Q1,Q4,Q2
中等,9.2,0.65,0.6,Q1,Q4,Q4
中等,9.3,0.53,0.48,Q1,Q3,Q4
中等,9.4,0.62,0.32,Q1,Q3,Q3
中等,9.5,0.41,0.42,Q1,Q2,Q3
中等,9.5,0.43,0.44,Q1,Q2,Q4
中等,9.5,0.29,0.38,Q1,Q1,Q3
中等,9.3,0.53,0.48,Q1,Q3,Q4
中等,9.4,0.53,0.24,Q1,Q3,Q2
中等,9.5,0.46,0.31,Q1,Q2,Q3
中等,9.4,0.47,0.3,Q1,Q2,Q3
中等,11.0,0.36,0.29,Q3,Q1,Q3
中等,11.0,0.35,0.29,Q3,Q1,Q3
中等,10.1,0.56,0.23,Q2,Q3,Q2
中等,10.4,0.77,0.12,Q3,Q4,Q2
好酒,11.5,0.66,0.39,Q4,Q4,Q3
中等,10.4,0.77,0.12,Q3,Q4,Q2
好酒,11.5,0.66,0.39,Q4,Q4,Q3
中等,9.7,0.61,0.26,Q2,Q3,Q2
中等,9.3,0.62,0.05,Q1,Q3,Q1
中等,9.5,0.59,0.42,Q1,Q3,Q3
中等,9.2,0.49,0.2,Q1,Q2,Q2
中等,9.2,0.49,0.2,Q1,Q2,Q2
好酒,11.5,0.53,0.66,Q4,Q3,Q4
中等,11.5,0.44,0.5,Q4,Q2,Q4
中等,9.7,0.27,0.62,Q2,Q1,Q4
中等,9.5,0.46,0.39,Q1,Q2,Q3
中等,12.5,0.36,0.64,Q4,Q1,Q4
中等,12.5,0.36,0.64,Q4,Q1,Q4
中等,9.4,0.58,0.28,Q1,Q3,Q3
中等,11.0,0.56,0.08,Q3,Q3,Q1
好酒,11.7,0.65,0.01,Q4,Q4,Q1
好酒,12.2,0.695,0.53,Q4,Q4,Q4
中等,12.5,0.43,0.45,Q4,Q2,Q4
中等,10.3,0.43,0.32,Q3,Q2,Q3
中等,11.5,0.49,0.58,Q4,Q2,Q4
好酒,9.8,0.28,0.54,Q2,Q1,Q4
中等,9.2,0.34,0.5,Q1,Q1,Q4
中等,11.3,0.42,0.48,Q4,Q2,Q4
中等,9.8,0.39,0.47,Q2,Q1,Q4
中等,9.8,0.39,0.47,Q2,Q1,Q4
中等,10.7,0.57,0.5,Q3,Q3,Q4
中等,9.9,0.685,0.0,Q2,Q4,Q1
好酒,12.3,0.815,0.02,Q4,Q4,Q1
中等,12.0,0.49,0.67,Q4,Q2,Q4
中等,10.0,0.56,0.31,Q2,Q3,Q3
中等,9.4,0.785,0.0,Q1,Q4,Q1
中等,9.9,0.67,0.22,Q2,Q4,Q2
中等,9.4,0.795,0.0,Q1,Q4,Q1
中等,9.3,0.665,0.0,Q1,Q4,Q1
中等,13.0,0.53,0.79,Q4,Q3,Q4
中等,11.9,0.21,0.4,Q4,Q1,Q3
中等,12.8,0.75,0.01,Q4,Q4,Q1
中等,11.0,0.41,0.52,Q3,Q2,Q4
好酒,11.7,0.42,0.66,Q4,Q2,Q4
好酒,10.4,0.43,0.66,Q3,Q2,Q4
中等,9.8,0.38,0.66,Q2,Q1,Q4
中等,9.4,0.7,0.23,Q1,Q4,Q2
中等,9.9,0.45,0.31,Q2,Q2,Q3
中等,10.0,0.58,0.66,Q2,Q3,Q4
中等,10.2,0.46,0.63,Q2,Q2,Q4
好酒,10.0,0.615,0.66,Q2,Q3,Q4
中等,11.8,0.42,0.5,Q4,Q2,Q4
好酒,10.0,0.615,0.66,Q2,Q3,Q4
中等,9.0,0.575,0.61,Q1,Q3,Q4
中等,9.4,0.34,0.52,Q1,Q1,Q4
好酒,12.0,0.27,0.53,Q4,Q1,Q4
中等,9.9,0.765,0.02,Q2,Q4,Q1
中等,8.7,0.24,0.4,Q1,Q1,Q3
中等,10.6,0.28,0.48,Q3,Q1,Q4
中等,9.2,0.55,0.22,Q1,Q3,Q2
中等,10.8,0.41,0.63,Q3,Q2,Q4
好酒,11.8,0.54,0.71,Q4,Q3,Q4
中等,11.0,0.45,0.5,Q3,Q2,Q4
好酒,12.0,0.27,0.53,Q4,Q1,Q4
中等,13.3,0.625,0.66,Q4,Q3,Q4
中等,10.8,0.42,0.38,Q3,Q2,Q3
中等,9.4,0.26,0.42,Q1,Q1,Q3
中等,10.0,0.415,0.68,Q2,Q2,Q4
中等,9.4,0.26,0.42,Q1,Q1,Q3
中等,9.4,0.26,0.42,Q1,Q1,Q3
中等,9.2,0.51,0.28,Q1,Q2,Q3
中等,9.7,0.63,0.07,Q2,Q3,Q1
中等,9.2,0.54,0.26,Q1,Q3,Q2
中等,9.6,0.66,0.15,Q2,Q4,Q2
中等,9.2,0.46,0.26,Q1,Q2,Q2
好酒,10.0,0.38,0.31,Q2,Q1,Q3
好酒,12.9,0.85,0.05,Q4,Q4,Q1
中等,10.0,0.415,0.68,Q2,Q2,Q4
中等,9.5,0.37,0.52,Q1,Q1,Q4
中等,9.1,0.665,0.61,Q1,Q4,Q4
中等,9.9,0.6,0.65,Q2,Q3,Q4
好酒,13.0,0.37,0.76,Q4,Q1,Q4
中等,9.9,0.735,0.02,Q2,Q4,Q1
中等,11.0,0.59,0.59,Q3,Q3,Q4
中等,11.0,0.59,0.59,Q3,Q3,Q4
中等,9.4,0.765,0.22,Q1,Q4,Q2
中等,9.9,0.735,0.02,Q2,Q4,Q1
中等,10.8,0.26,0.3,Q3,Q1,Q3
中等,10.5,0.48,0.54,Q3,Q2,Q4
中等,10.5,0.6,0.49,Q3,Q3,Q4
中等,9.1,0.69,0.05,Q1,Q4,Q1
中等,10.1,0.31,0.46,Q2,Q1,Q4
中等,10.8,0.44,0.47,Q3,Q2,Q4
好酒,10.8,0.39,0.66,Q3,Q1,Q4
中等,11.3,0.34,0.58,Q4,Q1,Q4
差酒,9.6,0.46,0.49,Q2,Q2,Q4
中等,9.5,0.43,0.34,Q1,Q2,Q3
中等,9.5,0.45,0.35,Q1,Q2,Q3
中等,9.3,0.735,0.16,Q1,Q4,Q2
好酒,11.7,0.4,0.53,Q4,Q2,Q4
中等,9.5,0.52,0.34,Q1,Q2,Q3
中等,9.3,0.725,0.24,Q1,Q4,Q2
中等,11.7,0.48,0.64,Q4,Q2,Q4
中等,10.5,0.58,0.12,Q3,Q3,Q2
中等,10.4,0.38,0.51,Q3,Q1,Q4
中等,9.9,0.77,0.0,Q2,Q4,Q1
好酒,11.8,0.56,0.33,Q4,Q3,Q3
好酒,12.3,0.84,0.03,Q4,Q4,Q1
中等,10.9,0.96,0.2,Q3,Q4,Q2
好酒,11.0,0.24,0.47,Q3,Q1,Q4
中等,10.9,0.96,0.2,Q3,Q4,Q2
好酒,12.3,0.84,0.03,Q4,Q4,Q1
中等,11.4,0.67,0.08,Q4,Q4,Q1
中等,10.6,0.78,0.22,Q3,Q4,Q2
中等,9.3,0.52,0.33,Q1,Q2,Q3
中等,10.4,0.84,0.63,Q3,Q4,Q4
好酒,11.0,0.24,0.47,Q3,Q1,Q4
中等,9.2,0.55,0.35,Q1,Q3,Q3
中等,12.8,0.37,0.69,Q4,Q1,Q4
中等,9.5,0.39,0.63,Q1,Q1,Q4
中等,9.9,0.41,0.55,Q2,Q2,Q4
中等,9.5,0.39,0.63,Q1,Q1,Q4
中等,10.2,0.67,0.3,Q2,Q4,Q3
中等,11.2,0.45,0.73,Q4,Q2,Q4
中等,9.9,0.41,0.55,Q2,Q2,Q4
中等,9.3,0.62,0.18,Q1,Q3,Q2
好酒,9.8,0.31,0.72,Q2,Q1,Q4
中等,11.3,0.4,0.65,Q4,Q2,Q4
好酒,11.2,0.685,0.76,Q4,Q4,Q4
好酒,11.6,0.44,0.49,Q4,Q2,Q4
好酒,12.5,0.57,0.01,Q4,Q3,Q1
中等,10.1,0.735,0.1,Q2,Q4,Q2
中等,10.5,0.38,0.6,Q3,Q1,Q4
中等,11.2,0.48,0.29,Q4,Q2,Q3
中等,10.2,0.53,0.22,Q2,Q3,Q2
中等,10.8,0.39,0.69,Q3,Q1,Q4
中等,10.8,0.39,0.69,Q3,Q1,Q4
中等,9.1,0.37,0.53,Q1,Q1,Q4
中等,10.0,0.56,0.03,Q2,Q3,Q1
好酒,11.2,0.33,0.63,Q4,Q1,Q4
中等,11.1,0.23,0.4,Q3,Q1,Q3
好酒,13.4,0.62,0.67,Q4,Q3,Q4
中等,10.3,0.59,0.39,Q3,Q3,Q3
中等,9.6,0.63,0.21,Q2,Q3,Q2
好酒,11.2,0.33,0.63,Q4,Q1,Q4
差酒,9.0,0.58,0.66,Q1,Q3,Q4
中等,11.3,0.43,0.52,Q4,Q2,Q4
中等,9.3,0.615,0.22,Q1,Q3,Q2
中等,11.8,0.26,0.68,Q4,Q1,Q4
中等,9.0,0.66,0.7,Q1,Q4,Q4
中等,9.2,0.315,0.54,Q1,Q1,Q4
中等,9.7,0.29,0.4,Q2,Q1,Q3
中等,11.5,0.5,0.42,Q4,Q2,Q3
中等,14.0,0.46,0.45,Q4,Q2,Q4
中等,9.2,0.36,0.69,Q1,Q1,Q4
中等,9.8,0.82,0.02,Q2,Q4,Q1
中等,10.6,0.32,0.65,Q3,Q1,Q4
中等,11.4,0.54,0.42,Q4,Q3,Q3
中等,10.4,0.37,0.55,Q3,Q1,Q4
中等,10.6,0.35,0.55,Q3,Q1,Q4
中等,9.4,0.28,0.51,Q1,Q1,Q4
中等,10.2,0.68,0.24,Q2,Q4,Q2
中等,9.7,0.27,0.41,Q2,Q1,Q3
中等,11.0,0.24,0.49,Q3,Q1,Q4
中等,10.2,0.68,0.24,Q2,Q4,Q2
中等,10.1,0.685,0.11,Q2,Q4,Q2
中等,9.2,0.28,0.39,Q1,Q1,Q3
好酒,11.7,0.3,0.56,Q4,Q1,Q4
中等,9.4,0.36,0.59,Q1,Q1,Q4
中等,9.4,0.36,0.6,Q1,Q1,Q4
中等,13.4,0.44,0.68,Q4,Q2,Q4
中等,10.0,0.67,0.39,Q2,Q4,Q3
中等,10.0,0.67,0.39,Q2,Q4,Q3
中等,10.0,0.645,0.36,Q2,Q4,Q3
好酒,10.8,0.32,0.55,Q3,Q1,Q4
中等,10.2,0.39,0.4,Q2,Q1,Q3
中等,10.6,0.775,0.27,Q3,Q4,Q3
好酒,13.3,0.41,0.5,Q4,Q2,Q4
好酒,13.4,0.4,0.51,Q4,Q2,Q4
中等,11.6,0.69,0.31,Q4,Q4,Q3
中等,12.1,0.39,0.23,Q4,Q1,Q2
好酒,11.0,0.35,0.53,Q3,Q1,Q4
中等,9.0,0.52,0.25,Q1,Q2,Q2
中等,11.1,0.34,0.32,Q3,Q1,Q3
好酒,11.0,0.35,0.53,Q3,Q1,Q4
中等,11.6,0.69,0.31,Q4,Q4,Q3
中等,9.0,0.52,0.25,Q1,Q2,Q2
好酒,12.0,0.44,0.73,Q4,Q2,Q4
好酒,12.0,0.44,0.73,Q4,Q2,Q4
好酒,10.9,0.26,0.47,Q3,Q1,Q4
好酒,10.8,0.24,0.42,Q3,Q1,Q3
好酒,12.5,0.49,0.63,Q4,Q2,Q4
好酒,10.8,0.24,0.46,Q3,Q1,Q4
中等,9.5,0.67,0.55,Q1,Q4,Q4
中等,10.2,0.59,0.31,Q2,Q3,Q3
好酒,11.4,0.29,0.75,Q4,Q1,Q4
中等,9.5,0.42,0.49,Q1,Q2,Q4
中等,10.2,0.59,0.31,Q2,Q3,Q3
中等,9.7,0.4,0.48,Q2,Q2,Q4
好酒,11.8,0.51,0.64,Q4,Q2,Q4
好酒,11.8,0.51,0.64,Q4,Q2,Q4
中等,9.3,0.655,0.49,Q1,Q4,Q4
中等,11.9,0.6,0.49,Q4,Q3,Q4
差酒,8.4,0.61,0.49,Q1,Q3,Q4
中等,11.7,0.21,0.49,Q4,Q1,Q4
中等,11.0,0.365,0.49,Q3,Q1,Q4
中等,10.0,0.25,0.49,Q2,Q1,Q4
中等,9.1,0.41,0.49,Q1,Q2,Q4
中等,9.8,0.39,0.49,Q2,Q1,Q4
中等,9.4,0.4,0.49,Q1,Q2,Q4
中等,9.5,0.43,0.49,Q1,Q2,Q4
中等,9.9,0.64,0.24,Q2,Q3,Q2
中等,11.0,0.365,0.49,Q3,Q1,Q4
中等,11.4,0.38,0.49,Q4,Q1,Q4
中等,8.7,0.42,0.49,Q1,Q2,Q4
中等,9.4,0.63,0.24,Q1,Q3,Q2
中等,10.3,0.22,0.24,Q3,Q1,Q2
中等,10.3,0.38,0.49,Q3,Q1,Q4
中等,10.3,0.38,0.49,Q3,Q1,Q4
中等,12.8,0.27,0.24,Q4,Q1,Q2
中等,10.0,0.48,0.24,Q2,Q2,Q2
中等,10.3,0.22,0.24,Q3,Q1,Q2
中等,9.4,0.63,0.24,Q1,Q3,Q2
中等,10.7,0.825,0.24,Q3,Q4,Q2
好酒,12.0,0.35,0.49,Q4,Q1,Q4
中等,11.2,0.5,0.74,Q4,Q2,Q4
中等,9.6,0.59,0.24,Q2,Q3,Q2
中等,11.0,0.46,0.49,Q3,Q2,Q4
中等,9.9,0.715,0.24,Q2,Q4,Q2
中等,11.0,0.66,0.24,Q3,Q4,Q2
中等,8.4,0.31,0.74,Q1,Q1,Q4
中等,9.1,0.47,0.49,Q1,Q2,Q4
中等,9.5,0.55,0.24,Q1,Q3,Q2
中等,10.7,0.31,0.49,Q3,Q1,Q4
中等,10.4,0.35,0.49,Q3,Q1,Q4
中等,9.4,0.53,0.49,Q1,Q3,Q4
中等,9.5,0.51,0.01,Q1,Q2,Q1
中等,10.0,0.43,0.24,Q2,Q2,Q2
中等,10.0,0.46,0.24,Q2,Q2,Q2
中等,11.5,1.04,0.24,Q4,Q4,Q2
中等,11.1,0.645,0.49,Q3,Q4,Q4
中等,11.1,0.645,0.49,Q3,Q4,Q4
中等,11.7,0.53,0.49,Q4,Q3,Q4
中等,11.1,0.645,0.49,Q3,Q4,Q4
中等,11.7,0.53,0.49,Q4,Q3,Q4
中等,12.7,0.47,0.49,Q4,Q2,Q4
中等,11.4,0.6,0.49,Q4,Q3,Q4
中等,9.2,0.44,0.49,Q1,Q2,Q4
中等,9.2,0.54,0.49,Q1,Q3,Q4
中等,10.1,0.29,0.49,Q2,Q1,Q4
中等,12.7,0.47,0.49,Q4,Q2,Q4
中等,11.4,0.6,0.49,Q4,Q3,Q4
中等,9.0,0.7,0.24,Q1,Q4,Q2
中等,9.0,0.7,0.24,Q1,Q4,Q2
中等,10.7,0.5,0.49,Q3,Q2,Q4
中等,11.7,0.36,0.24,Q4,Q1,Q2
中等,11.0,0.35,0.49,Q3,Q1,Q4
中等,11.7,0.36,0.24,Q4,Q1,Q2
中等,10.4,0.24,0.49,Q3,Q1,Q4
差酒,9.6,0.59,0.49,Q2,Q3,Q4
中等,10.0,0.34,0.49,Q2,Q1,Q4
中等,10.2,0.27,0.49,Q2,Q1,Q4
差酒,10.0,0.5,0.24,Q2,Q2,Q2
中等,9.5,0.44,0.49,Q1,Q2,Q4
中等,9.8,0.47,0.49,Q2,Q2,Q4
中等,9.8,0.31,0.49,Q2,Q1,Q4
中等,9.6,0.5,0.49,Q2,Q2,Q4
中等,9.6,0.5,0.49,Q2,Q2,Q4
中等,9.2,0.49,0.49,Q1,Q2,Q4
好酒,9.9,0.28,0.49,Q2,Q1,Q4
好酒,10.7,0.33,0.49,Q3,Q1,Q4
中等,9.6,0.51,0.24,Q2,Q2,Q2
好酒,10.6,0.31,0.49,Q3,Q1,Q4
中等,9.3,0.73,0.24,Q1,Q4,Q2
好酒,14.0,0.42,0.24,Q4,Q2,Q2
好酒,10.5,0.29,0.49,Q3,Q1,Q4
中等,9.7,0.45,0.49,Q2,Q2,Q4
中等,11.5,0.39,0.49,Q4,Q1,Q4
中等,9.7,0.45,0.49,Q2,Q2,Q4
中等,9.0,0.49,0.58,Q1,Q2,Q4
中等,9.5,0.72,0.17,Q1,Q4,Q2
中等,9.3,0.595,0.41,Q1,Q3,Q3
中等,9.3,0.4,0.51,Q1,Q2,Q4
中等,10.0,0.58,0.58,Q2,Q3,Q4
中等,9.8,0.585,0.18,Q2,Q3,Q2
中等,9.3,0.59,0.45,Q1,Q3,Q4
差酒,10.0,0.915,0.27,Q2,Q4,Q3
中等,9.0,0.46,0.52,Q1,Q2,Q4
中等,9.3,0.835,0.0,Q1,Q4,Q1
中等,9.0,0.46,0.52,Q1,Q2,Q4
中等,9.1,0.58,0.13,Q1,Q3,Q2
中等,9.2,0.6,0.13,Q1,Q3,Q2
好酒,12.2,0.41,0.48,Q4,Q2,Q4
中等,10.5,0.48,0.41,Q3,Q2,Q3
中等,10.4,0.65,0.37,Q3,Q4,Q3
中等,12.7,0.36,0.19,Q4,Q1,Q2
中等,9.2,0.24,0.54,Q1,Q1,Q4
中等,9.4,0.38,0.55,Q1,Q1,Q4
中等,10.0,0.64,0.0,Q2,Q3,Q1
中等,9.8,0.39,0.38,Q2,Q1,Q3
中等,10.2,0.755,0.18,Q2,Q4,Q2
中等,9.7,0.6,0.5,Q2,Q3,Q4
中等,9.7,0.6,0.5,Q2,Q3,Q4
中等,9.8,0.31,0.51,Q2,Q1,Q4
中等,10.2,0.46,0.5,Q2,Q2,Q4
中等,9.3,0.37,0.41,Q1,Q1,Q3
中等,9.4,0.54,0.24,Q1,Q3,Q2
中等,9.4,0.56,0.23,Q1,Q3,Q2
中等,9.5,0.58,0.22,Q1,Q3,Q2
中等,12.1,0.51,0.25,Q4,Q2,Q2
中等,10.2,0.69,0.0,Q2,Q4,Q1
中等,10.2,0.69,0.0,Q2,Q4,Q1
中等,9.1,0.6,0.29,Q1,Q3,Q3
中等,9.1,0.6,0.29,Q1,Q3,Q3
中等,9.3,0.54,0.26,Q1,Q3,Q2
中等,9.3,0.685,0.23,Q1,Q4,Q2
中等,9.3,0.54,0.26,Q1,Q3,Q2
中等,9.5,0.28,0.54,Q1,Q1,Q4
中等,10.5,0.41,0.14,Q3,Q2,Q2
差酒,11.3,0.935,0.22,Q4,Q4,Q2
中等,9.5,0.35,0.21,Q1,Q1,Q2
中等,9.7,0.84,0.0,Q2,Q4,Q1
中等,9.4,0.88,0.28,Q1,Q4,Q3
中等,9.4,0.885,0.27,Q1,Q4,Q3
好酒,10.2,0.915,0.12,Q2,Q4,Q2
中等,10.3,0.29,0.35,Q3,Q1,Q3
中等,9.4,0.54,0.45,Q1,Q3,Q4
中等,9.5,0.59,0.44,Q1,Q3,Q4
中等,9.4,0.54,0.45,Q1,Q3,Q4
中等,9.5,0.59,0.44,Q1,Q3,Q4
中等,9.4,0.54,0.45,Q1,Q3,Q4
好酒,10.1,0.64,0.1,Q2,Q3,Q2
中等,10.1,0.67,0.05,Q2,Q4,Q1
差酒,11.0,0.845,0.01,Q3,Q4,Q1
好酒,11.2,0.48,0.3,Q4,Q2,Q3
中等,11.3,0.42,0.27,Q4,Q2,Q3
中等,9.6,0.43,0.39,Q2,Q2,Q3
中等,11.2,0.88,0.25,Q4,Q4,Q2
中等,14.9,0.36,0.65,Q4,Q1,Q4
中等,12.0,0.33,0.59,Q4,Q1,Q4
中等,9.5,0.47,0.47,Q1,Q2,Q4
中等,9.4,0.55,0.17,Q1,Q3,Q2
中等,9.6,0.43,0.39,Q2,Q2,Q3
好酒,10.5,0.5,0.59,Q3,Q2,Q4
中等,9.6,0.52,0.07,Q2,Q2,Q1
差酒,11.0,0.84,0.02,Q3,Q4,Q1
中等,9.6,0.52,0.07,Q2,Q2,Q1
中等,9.0,0.42,0.31,Q1,Q2,Q3
中等,9.6,0.57,0.06,Q2,Q3,Q1
中等,10.2,0.28,0.46,Q2,Q1,Q4
中等,10.2,0.4,0.52,Q2,Q2,Q4
中等,9.7,0.59,0.14,Q2,Q3,Q2
中等,9.5,0.49,0.36,Q1,Q2,Q3
中等,9.2,0.34,0.45,Q1,Q1,Q4
中等,11.0,0.73,0.43,Q3,Q4,Q4
中等,9.2,0.34,0.45,Q1,Q1,Q4
中等,10.0,0.4,0.24,Q2,Q2,Q2
中等,9.5,0.73,0.21,Q1,Q4,Q2
中等,9.5,1.24,0.34,Q1,Q4,Q3
中等,9.5,0.73,0.21,Q1,Q4,Q2
中等,9.3,0.4,0.41,Q1,Q2,Q3
中等,10.2,0.41,0.39,Q2,Q2,Q3
中等,9.3,0.4,0.41,Q1,Q2,Q3
中等,9.9,0.8,0.11,Q2,Q4,Q2
中等,10.0,0.78,0.1,Q2,Q4,Q2
中等,9.6,0.26,0.45,Q2,Q1,Q4
中等,9.0,0.43,0.58,Q1,Q2,Q4
中等,10.2,0.45,0.23,Q2,Q2,Q2
中等,9.8,0.46,0.31,Q2,Q2,Q3
中等,11.3,0.78,0.23,Q4,Q4,Q2
中等,9.4,0.98,0.32,Q1,Q4,Q3
中等,11.3,0.78,0.23,Q4,Q4,Q2
中等,9.1,0.65,0.18,Q1,Q4,Q2
中等,9.7,0.64,0.23,Q2,Q3,Q2
中等,9.4,0.66,0.04,Q1,Q4,Q1
中等,9.4,0.38,0.48,Q1,Q1,Q4
差酒,10.7,1.185,0.0,Q3,Q4,Q1
中等,9.8,0.92,0.24,Q2,Q4,Q2
中等,9.0,0.49,0.51,Q1,Q2,Q4
中等,9.4,0.48,0.32,Q1,Q2,Q3
中等,9.4,0.47,0.31,Q1,Q2,Q3
中等,12.8,0.47,0.02,Q4,Q2,Q1
中等,9.5,0.65,0.02,Q1,Q4,Q1
中等,9.5,0.65,0.02,Q1,Q4,Q1
中等,9.7,0.615,0.28,Q2,Q3,Q3
中等,10.8,0.38,0.55,Q3,Q1,Q4
中等,10.1,1.02,0.43,Q2,Q4,Q4
中等,9.5,0.65,0.02,Q1,Q4,Q1
中等,9.4,0.64,0.02,Q1,Q3,Q1
差酒,9.6,0.38,0.48,Q2,Q1,Q4
差酒,9.7,0.765,0.04,Q2,Q4,Q1
中等,9.9,1.035,0.15,Q2,Q4,Q2
中等,10.0,0.78,0.08,Q2,Q4,Q1
中等,10.5,0.49,0.19,Q3,Q2,Q2
中等,11.6,0.545,0.12,Q4,Q3,Q2
中等,10.0,0.31,0.47,Q2,Q1,Q4
中等,10.1,1.025,0.43,Q2,Q4,Q4
中等,9.5,0.565,0.34,Q1,Q3,Q3
中等,9.4,0.69,0.0,Q1,Q4,Q1
中等,9.4,0.43,0.36,Q1,Q2,Q3
中等,9.8,0.74,0.28,Q2,Q4,Q3
中等,9.2,0.49,0.18,Q1,Q2,Q2
中等,9.4,0.43,0.36,Q1,Q2,Q3
中等,10.0,0.46,0.11,Q2,Q2,Q2
中等,9.6,0.56,0.04,Q2,Q3,Q1
中等,9.5,0.66,0.0,Q1,Q4,Q1
中等,9.6,0.56,0.04,Q2,Q3,Q1
中等,9.2,0.48,0.24,Q1,Q2,Q2
中等,10.0,0.42,0.08,Q2,Q2,Q1
中等,9.5,0.31,0.3,Q1,Q1,Q3
差酒,11.2,1.115,0.1,Q4,Q4,Q2
中等,10.4,0.66,0.17,Q3,Q4,Q2
中等,11.1,0.72,0.09,Q3,Q4,Q1
中等,9.5,0.57,0.02,Q1,Q3,Q1
中等,9.5,0.57,0.02,Q1,Q3,Q1
中等,12.7,0.865,0.03,Q4,Q4,Q1
中等,9.6,0.55,0.66,Q2,Q3,Q4
中等,11.5,0.875,0.13,Q4,Q4,Q2
中等,9.6,0.835,0.03,Q2,Q4,Q1
中等,9.5,0.45,0.34,Q1,Q2,Q3
中等,9.3,0.56,0.2,Q1,Q3,Q2
中等,9.5,0.965,0.1,Q1,Q4,Q2
中等,9.5,0.965,0.1,Q1,Q4,Q2
中等,9.3,0.59,0.0,Q1,Q3,Q1
中等,9.2,0.46,0.23,Q1,Q2,Q2
中等,9.3,0.69,0.0,Q1,Q4,Q1
中等,11.5,0.76,0.29,Q4,Q4,Q3
中等,9.5,0.53,0.24,Q1,Q3,Q2
中等,9.2,0.615,0.0,Q1,Q3,Q1
中等,10.0,0.41,0.58,Q2,Q2,Q4
中等,9.5,0.39,0.54,Q1,Q1,Q4
中等,9.5,0.51,0.18,Q1,Q2,Q2
中等,9.0,0.34,0.38,Q1,Q1,Q3
中等,9.4,0.33,0.4,Q1,Q1,Q3
中等,9.6,0.5,0.18,Q2,Q2,Q2
中等,9.5,0.51,0.18,Q1,Q2,Q2
中等,9.5,0.65,0.1,Q1,Q4,Q2
中等,9.5,0.65,0.1,Q1,Q4,Q2
中等,9.4,0.54,0.13,Q1,Q3,Q2
中等,9.5,0.65,0.1,Q1,Q4,Q2
中等,9.1,0.48,0.68,Q1,Q2,Q4
中等,10.7,0.91,0.07,Q3,Q4,Q1
中等,11.2,0.98,0.01,Q4,Q4,Q1
中等,9.8,0.87,0.0,Q2,Q4,Q1
中等,9.8,0.87,0.0,Q2,Q4,Q1
中等,9.2,0.42,0.21,Q1,Q2,Q2
中等,9.7,0.58,0.25,Q2,Q3,Q2
中等,9.6,0.655,0.26,Q2,Q4,Q2
中等,10.0,0.7,0.0,Q2,Q4,Q1
中等,9.6,0.655,0.26,Q2,Q4,Q2
中等,9.5,0.68,0.11,Q1,Q4,Q2
中等,9.5,0.67,0.1,Q1,Q4,Q2
中等,9.4,0.59,0.18,Q1,Q3,Q2
中等,9.5,0.6,0.32,Q1,Q3,Q3
中等,9.7,0.59,0.02,Q2,Q3,Q1
中等,9.6,0.72,0.01,Q2,Q4,Q1
中等,9.7,0.59,0.02,Q2,Q3,Q1
中等,9.4,0.685,0.26,Q1,Q4,Q2
中等,9.4,0.57,0.27,Q1,Q3,Q3
中等,9.5,0.4,0.29,Q1,Q2,Q3
中等,9.5,0.4,0.3,Q1,Q2,Q3
中等,10.0,1.0,0.0,Q2,Q4,Q1
中等,10.3,0.765,0.18,Q3,Q4,Q2
中等,10.3,0.635,0.17,Q3,Q3,Q2
中等,10.5,0.43,0.3,Q3,Q2,Q3
中等,9.8,0.52,0.03,Q2,Q2,Q1
中等,9.4,0.57,0.0,Q1,Q3,Q1
中等,9.8,0.46,0.14,Q2,Q2,Q2
中等,10.0,0.82,0.05,Q2,Q4,Q1
中等,9.8,0.46,0.14,Q2,Q2,Q2
中等,9.8,0.59,0.01,Q2,Q3,Q1
中等,9.5,0.35,0.41,Q1,Q1,Q3
中等,9.5,0.35,0.41,Q1,Q1,Q3
中等,10.1,0.56,0.24,Q2,Q3,Q2
中等,10.1,0.56,0.24,Q2,Q3,Q2
中等,9.3,0.63,0.17,Q1,Q3,Q2
中等,9.7,0.37,0.43,Q2,Q1,Q4
中等,9.6,0.64,0.17,Q2,Q3,Q2
中等,9.7,0.61,0.02,Q2,Q3,Q1
中等,10.8,0.6,0.0,Q3,Q3,Q1
中等,12.5,0.27,0.54,Q4,Q1,Q4
中等,10.2,0.89,0.3,Q2,Q4,Q3
中等,9.6,0.46,0.31,Q2,Q2,Q3
好酒,10.8,0.37,0.44,Q3,Q1,Q4
中等,10.7,0.5,0.34,Q3,Q2,Q3
中等,10.7,0.5,0.34,Q3,Q2,Q3
中等,9.4,0.61,0.08,Q1,Q3,Q1
中等,10.0,0.55,0.09,Q2,Q3,Q1
好酒,12.9,0.585,0.0,Q4,Q3,Q1
中等,9.6,0.56,0.08,Q2,Q3,Q1
中等,9.9,0.52,0.22,Q2,Q2,Q2
好酒,12.8,0.28,0.4,Q4,Q1,Q3
好酒,12.5,0.25,0.39,Q4,Q1,Q3
好酒,12.8,0.28,0.4,Q4,Q1,Q3
中等,9.2,0.53,0.12,Q1,Q3,Q2
中等,10.3,0.48,0.31,Q3,Q2,Q3
中等,10.5,0.49,0.1,Q3,Q2,Q2
中等,10.9,0.5,0.55,Q3,Q2,Q4
中等,10.8,0.45,0.33,Q3,Q2,Q3
差酒,11.4,0.39,0.24,Q4,Q1,Q2
中等,11.3,0.41,0.54,Q4,Q2,Q4
中等,10.8,0.45,0.33,Q3,Q2,Q3
中等,10.5,0.51,0.19,Q3,Q2,Q2
中等,11.9,0.29,0.42,Q4,Q1,Q3
中等,9.4,0.715,0.0,Q1,Q4,Q1
中等,9.6,0.66,0.15,Q2,Q4,Q2
中等,9.7,0.685,0.0,Q2,Q4,Q1
好酒,14.0,0.42,0.0,Q4,Q2,Q1
中等,9.8,0.54,0.13,Q2,Q3,Q2
中等,9.8,0.54,0.13,Q2,Q3,Q2
中等,10.3,0.48,0.28,Q3,Q2,Q3
中等,10.7,0.46,0.14,Q3,Q2,Q2
好酒,11.0,0.27,0.34,Q3,Q1,Q3
中等,10.7,0.46,0.14,Q3,Q2,Q2
好酒,12.7,0.57,0.09,Q4,Q3,Q1
中等,11.1,0.61,0.08,Q3,Q3,Q1
差酒,10.9,0.685,0.07,Q3,Q4,Q1
中等,11.1,0.61,0.08,Q3,Q3,Q1
差酒,9.9,0.44,0.42,Q2,Q2,Q3
差酒,9.9,0.47,0.44,Q2,Q2,Q4
中等,9.4,0.685,0.26,Q1,Q4,Q2
中等,9.3,0.665,0.1,Q1,Q4,Q2
好酒,11.7,0.28,0.28,Q4,Q1,Q3
好酒,11.7,0.28,0.28,Q4,Q1,Q3
好酒,11.2,0.31,0.35,Q4,Q1,Q3
中等,10.0,0.5,0.04,Q2,Q2,Q1
好酒,12.1,0.42,0.47,Q4,Q2,Q4
中等,10.3,0.66,0.0,Q3,Q4,Q1
中等,10.9,0.5,0.45,Q3,Q2,Q4
中等,9.4,0.685,0.35,Q1,Q4,Q3
中等,10.6,0.25,0.46,Q3,Q1,Q4
中等,9.8,0.64,0.21,Q2,Q3,Q2
中等,9.8,0.64,0.21,Q2,Q3,Q2
中等,9.9,0.68,0.16,Q2,Q4,Q2
中等,9.8,0.64,0.21,Q2,Q3,Q2
中等,9.8,0.63,0.21,Q2,Q3,Q2
中等,9.5,0.43,0.44,Q1,Q2,Q4
中等,9.5,0.43,0.44,Q1,Q2,Q4
中等,9.7,0.42,0.32,Q2,Q2,Q3
中等,10.9,0.36,0.39,Q3,Q1,Q3
中等,10.9,0.36,0.39,Q3,Q1,Q3
好酒,11.7,0.735,0.02,Q4,Q4,Q1
中等,10.9,0.36,0.39,Q3,Q1,Q3
好酒,11.3,0.26,0.34,Q4,Q1,Q3
好酒,10.6,0.28,0.47,Q3,Q1,Q4
中等,11.2,0.56,0.22,Q4,Q3,Q2
中等,9.5,0.62,0.06,Q1,Q3,Q1
中等,11.5,1.01,0.66,Q4,Q4,Q4
中等,10.4,0.42,0.32,Q3,Q2,Q3
中等,9.7,0.62,0.06,Q2,Q3,Q1
中等,9.5,0.62,0.06,Q1,Q3,Q1
中等,9.7,0.635,0.07,Q2,Q3,Q1
中等,11.3,0.49,0.22,Q4,Q2,Q2
中等,11.2,0.51,0.23,Q4,Q2,Q2
中等,11.2,0.56,0.22,Q4,Q3,Q2
中等,10.9,0.63,0.03,Q3,Q3,Q1
中等,11.8,0.715,0.01,Q4,Q4,Q1
中等,10.6,0.56,0.03,Q3,Q3,Q1
差酒,10.0,0.35,0.24,Q2,Q1,Q2
好酒,11.1,0.21,0.37,Q3,Q1,Q3
好酒,11.8,0.38,0.46,Q4,Q1,Q4
好酒,11.8,0.31,0.4,Q4,Q1,Q3
差酒,10.9,0.47,0.0,Q3,Q2,Q1
中等,11.8,0.715,0.01,Q4,Q4,Q1
中等,10.0,0.61,0.19,Q2,Q3,Q2
中等,9.5,0.6,0.04,Q1,Q3,Q1
中等,9.9,0.56,0.18,Q2,Q3,Q2
中等,11.4,0.715,0.0,Q4,Q4,Q1
中等,12.0,0.31,0.29,Q4,Q1,Q3
中等,9.5,0.6,0.04,Q1,Q3,Q1
中等,10.0,0.61,0.19,Q2,Q3,Q2
中等,10.5,0.75,0.14,Q3,Q4,Q2
中等,10.4,0.8,0.12,Q3,Q4,Q2
好酒,12.1,0.52,0.38,Q4,Q2,Q3
中等,11.2,0.57,0.0,Q4,Q3,Q1
中等,9.3,0.9,0.34,Q1,Q4,Q3
中等,10.1,0.34,0.24,Q2,Q1,Q2
中等,9.7,0.66,0.03,Q2,Q4,Q1
中等,9.3,0.45,0.23,Q1,Q2,Q2
中等,9.7,0.66,0.03,Q2,Q4,Q1
中等,9.8,0.63,0.03,Q2,Q3,Q1
中等,10.7,0.59,0.01,Q3,Q3,Q1
好酒,12.5,0.31,0.39,Q4,Q1,Q3
中等,10.7,0.59,0.01,Q3,Q3,Q1
好酒,12.5,0.31,0.39,Q4,Q1,Q3
差酒,11.0,1.02,0.02,Q3,Q4,Q1
中等,11.8,0.31,0.36,Q4,Q1,Q3
好酒,10.8,0.635,0.1,Q3,Q3,Q2
好酒,10.8,0.635,0.1,Q3,Q3,Q2
好酒,10.8,0.59,0.06,Q3,Q3,Q1
好酒,10.8,0.59,0.06,Q3,Q3,Q1
中等,9.5,0.58,0.2,Q1,Q3,Q2
中等,11.0,0.54,0.27,Q3,Q3,Q3
中等,11.5,0.56,0.0,Q4,Q3,Q1
中等,10.8,0.52,0.13,Q3,Q2,Q2
中等,11.5,0.305,0.39,Q4,Q1,Q3
中等,13.2,0.38,0.48,Q4,Q1,Q4
中等,10.9,0.28,0.46,Q3,Q1,Q4
中等,12.2,0.46,0.44,Q4,Q2,Q4
好酒,12.2,0.395,0.46,Q4,Q2,Q4
中等,11.5,0.305,0.39,Q4,Q1,Q3
中等,11.9,0.315,0.4,Q4,Q1,Q3
中等,11.0,0.715,0.19,Q3,Q4,Q2
中等,10.1,0.41,0.31,Q2,Q2,Q3
中等,11.0,0.36,0.32,Q3,Q1,Q3
中等,11.8,0.62,0.12,Q4,Q3,Q2
中等,10.5,0.41,0.37,Q3,Q2,Q3
中等,11.0,0.36,0.32,Q3,Q1,Q3
中等,11.8,0.62,0.12,Q4,Q3,Q2
中等,10.1,0.41,0.31,Q2,Q2,Q3
中等,11.2,0.47,0.27,Q4,Q2,Q3
好酒,11.0,0.22,0.36,Q3,Q1,Q3
中等,10.2,0.24,0.33,Q2,Q1,Q3
差酒,9.2,0.67,0.19,Q1,Q4,Q2
中等,11.2,0.47,0.27,Q4,Q2,Q3
好酒,12.0,0.33,0.38,Q4,Q1,Q3
中等,10.5,0.61,0.01,Q3,Q3,Q1
中等,9.8,0.61,0.01,Q2,Q3,Q1
中等,9.5,0.4,0.29,Q1,Q2,Q3
中等,9.8,0.61,0.01,Q2,Q3,Q1
中等,10.5,0.61,0.01,Q3,Q3,Q1
中等,11.8,0.3,0.38,Q4,Q1,Q3
中等,11.8,0.3,0.38,Q4,Q1,Q3
差酒,10.4,0.63,0.5,Q3,Q3,Q4
好酒,12.9,0.38,0.38,Q4,Q1,Q3
中等,11.4,0.46,0.17,Q4,Q2,Q2
好酒,12.4,0.33,0.52,Q4,Q1,Q4
好酒,12.5,0.27,0.49,Q4,Q1,Q4
好酒,10.0,0.43,0.4,Q2,Q2,Q3
好酒,9.7,0.5,0.34,Q2,Q2,Q3
好酒,12.1,0.3,0.49,Q4,Q1,Q4
好酒,11.1,0.44,0.42,Q3,Q2,Q3
好酒,12.0,0.44,0.58,Q4,Q2,Q4
好酒,12.4,0.28,0.48,Q4,Q1,Q4
好酒,11.9,0.12,0.45,Q4,Q1,Q4
好酒,11.9,0.12,0.45,Q4,Q1,Q4
好酒,11.9,0.12,0.45,Q4,Q1,Q4
好酒,12.4,0.28,0.48,Q4,Q1,Q4
好酒,11.2,0.31,0.4,Q4,Q1,Q3
好酒,12.1,0.34,0.48,Q4,Q1,Q4
中等,12.2,0.43,0.4,Q4,Q2,Q3
中等,10.4,0.21,0.52,Q3,Q1,Q4
中等,11.3,0.36,0.52,Q4,Q1,Q4
中等,11.1,0.37,0.52,Q3,Q1,Q4
好酒,11.3,0.57,0.12,Q4,Q3,Q2
中等,10.0,0.59,0.05,Q2,Q3,Q1
中等,11.1,0.47,0.27,Q3,Q2,Q3
中等,9.3,0.56,0.14,Q1,Q3,Q2
中等,9.5,0.57,0.02,Q1,Q3,Q1
中等,11.2,0.27,0.39,Q4,Q1,Q3
中等,11.1,0.47,0.27,Q3,Q2,Q3
中等,11.0,0.34,0.4,Q3,Q1,Q3
好酒,11.9,0.38,0.41,Q4,Q1,Q3
中等,9.2,0.66,0.2,Q1,Q4,Q2
中等,12.2,0.4,0.43,Q4,Q2,Q4
中等,10.2,0.56,0.09,Q2,Q3,Q1
中等,10.9,0.26,0.48,Q3,Q1,Q4
中等,10.9,0.26,0.48,Q3,Q1,Q4
好酒,11.6,0.38,0.5,Q4,Q1,Q4
中等,10.7,0.34,0.44,Q3,Q1,Q4
好酒,12.1,0.33,0.41,Q4,Q1,Q3
中等,9.4,0.41,0.3,Q1,Q2,Q3
中等,9.4,0.41,0.3,Q1,Q2,Q3
中等,9.1,0.59,0.29,Q1,Q3,Q3
好酒,11.3,0.4,0.32,Q4,Q2,Q3
中等,10.4,0.45,0.49,Q3,Q2,Q4
中等,10.5,0.5,0.3,Q3,Q2,Q3
中等,10.0,0.86,0.26,Q2,Q4,Q2
中等,12.9,0.52,0.32,Q4,Q2,Q3
中等,10.5,0.5,0.3,Q3,Q2,Q3
中等,10.4,0.45,0.49,Q3,Q2,Q4
中等,11.3,0.58,0.0,Q4,Q3,Q1
好酒,11.4,0.34,0.39,Q4,Q1,Q3
中等,9.4,0.36,0.3,Q1,Q1,Q3
中等,9.4,0.39,0.12,Q1,Q1,Q2
中等,10.9,0.295,0.4,Q3,Q1,Q3
中等,9.4,0.39,0.12,Q1,Q1,Q2
中等,9.4,0.34,0.28,Q1,Q1,Q3
中等,9.4,0.4,0.1,Q1,Q2,Q2
中等,9.4,0.34,0.28,Q1,Q1,Q3
中等,9.4,0.35,0.45,Q1,Q1,Q4
中等,10.1,0.6,0.06,Q2,Q3,Q1
好酒,12.8,0.66,0.0,Q4,Q4,Q1
好酒,12.8,0.66,0.0,Q4,Q4,Q1
中等,9.1,0.84,0.34,Q1,Q4,Q3
中等,12.9,0.69,0.0,Q4,Q4,Q1
好酒,11.5,0.43,0.3,Q4,Q2,Q3
好酒,10.6,0.35,0.38,Q3,Q1,Q3
好酒,11.7,0.29,0.33,Q4,Q1,Q3
好酒,12.8,0.36,0.32,Q4,Q1,Q3
中等,10.3,0.43,0.29,Q3,Q2,Q3
好酒,12.8,0.36,0.32,Q4,Q1,Q3
好酒,11.7,0.29,0.33,Q4,Q1,Q3
好酒,11.7,0.3,0.34,Q4,Q1,Q3
好酒,12.0,0.35,0.4,Q4,Q1,Q3
中等,10.9,0.5,0.36,Q3,Q2,Q3
好酒,12.3,0.28,0.45,Q4,Q1,Q4
中等,10.4,0.32,0.31,Q3,Q1,Q3
中等,10.0,1.005,0.15,Q2,Q4,Q2
中等,10.0,0.71,0.0,Q2,Q4,Q1
中等,11.2,0.58,0.16,Q4,Q3,Q2
中等,11.4,0.39,0.46,Q4,Q1,Q4
好酒,12.6,0.38,0.4,Q4,Q1,Q3
中等,12.7,0.18,0.37,Q4,Q1,Q3
中等,12.7,0.18,0.37,Q4,Q1,Q3
中等,10.4,0.5,0.14,Q3,Q2,Q2
中等,11.9,0.36,0.66,Q4,Q1,Q4
中等,11.9,0.36,0.66,Q4,Q1,Q4
中等,10.5,0.51,0.09,Q3,Q2,Q1
中等,12.3,0.32,0.42,Q4,Q1,Q3
好酒,10.5,0.58,0.01,Q3,Q3,Q1
中等,10.4,0.83,0.0,Q3,Q4,Q1
中等,12.6,0.31,0.32,Q4,Q1,Q3
中等,11.6,0.795,0.0,Q4,Q4,Q1
中等,10.1,0.34,0.21,Q2,Q1,Q2
好酒,10.5,0.58,0.01,Q3,Q3,Q1
好酒,11.5,0.59,0.0,Q4,Q3,Q1
好酒,11.0,0.55,0.01,Q3,Q3,Q1
中等,9.6,0.82,0.0,Q2,Q4,Q1
中等,10.4,0.57,0.08,Q3,Q3,Q1
中等,9.7,0.745,0.18,Q2,Q4,Q2
好酒,10.6,0.37,0.34,Q3,Q1,Q3
好酒,12.5,0.31,0.34,Q4,Q1,Q3
中等,9.2,0.91,0.1,Q1,Q4,Q2
好酒,12.6,0.41,0.41,Q4,Q2,Q3
中等,11.1,0.5,0.21,Q3,Q2,Q2
中等,10.2,0.965,0.0,Q2,Q4,Q1
中等,9.8,0.49,0.19,Q2,Q2,Q2
中等,11.1,0.5,0.21,Q3,Q2,Q2
好酒,10.9,0.39,0.41,Q3,Q1,Q3
中等,12.2,0.39,0.33,Q4,Q1,Q3
中等,11.4,0.44,0.0,Q4,Q2,Q1
中等,10.7,0.78,0.0,Q3,Q4,Q1
中等,10.4,0.43,0.17,Q3,Q2,Q2
中等,10.9,0.49,0.36,Q3,Q2,Q3
中等,10.8,0.5,0.36,Q3,Q2,Q3
中等,10.4,0.43,0.17,Q3,Q2,Q2
中等,9.2,0.46,0.59,Q1,Q2,Q4
中等,12.9,0.605,0.05,Q4,Q3,Q1
好酒,12.7,0.33,0.42,Q4,Q1,Q3
中等,9.1,0.64,0.27,Q1,Q3,Q3
中等,9.1,0.64,0.27,Q1,Q3,Q3
好酒,12.1,0.48,0.53,Q4,Q2,Q4
中等,9.1,0.42,0.25,Q1,Q2,Q2
好酒,11.6,0.53,0.57,Q4,Q3,Q4
好酒,12.1,0.48,0.53,Q4,Q2,Q4
中等,9.9,0.23,0.57,Q2,Q1,Q4
好酒,12.5,0.4,0.5,Q4,Q2,Q4
中等,11.4,0.38,0.44,Q4,Q1,Q4
中等,11.8,0.29,0.65,Q4,Q1,Q4
中等,11.8,0.74,0.09,Q4,Q4,Q1
中等,10.2,0.61,0.18,Q2,Q3,Q2
好酒,12.5,0.52,0.08,Q4,Q2,Q1
好酒,10.9,0.31,0.53,Q3,Q1,Q4
好酒,10.9,0.31,0.53,Q3,Q1,Q4
中等,10.8,0.62,0.35,Q3,Q3,Q3
好酒,11.1,0.33,0.45,Q3,Q1,Q4
中等,9.2,0.77,0.2,Q1,Q4,Q2
中等,9.5,0.35,0.26,Q1,Q1,Q2
中等,10.7,0.62,0.33,Q3,Q3,Q3
中等,9.2,0.77,0.2,Q1,Q4,Q2
好酒,10.2,0.25,0.34,Q2,Q1,Q3
中等,11.4,0.32,0.56,Q4,Q1,Q4
中等,11.0,0.37,0.65,Q3,Q1,Q4
中等,11.0,0.37,0.65,Q3,Q1,Q4
好酒,12.3,0.3,0.68,Q4,Q1,Q4
中等,11.8,0.27,0.56,Q4,Q1,Q4
好酒,12.3,0.3,0.68,Q4,Q1,Q4
中等,9.5,0.38,0.3,Q1,Q1,Q3
中等,12.0,0.42,0.45,Q4,Q2,Q4
中等,9.5,0.38,0.3,Q1,Q1,Q3
中等,9.6,0.48,0.08,Q2,Q2,Q1
好酒,11.6,0.34,0.4,Q4,Q1,Q3
中等,11.2,0.19,0.42,Q4,Q1,Q3
好酒,9.9,0.41,0.54,Q2,Q2,Q4
好酒,9.9,0.41,0.54,Q2,Q2,Q4
好酒,11.8,0.26,0.54,Q4,Q1,Q4
中等,11.4,0.34,0.42,Q4,Q1,Q3
中等,11.5,0.54,0.09,Q4,Q3,Q1
好酒,12.0,0.31,0.36,Q4,Q1,Q3
中等,10.8,0.725,0.09,Q3,Q4,Q1
中等,10.5,0.4,0.47,Q3,Q2,Q4
中等,10.8,0.725,0.09,Q3,Q4,Q1
中等,9.4,0.52,0.38,Q1,Q2,Q3
好酒,12.5,0.31,0.45,Q4,Q1,Q4
中等,9.4,0.52,0.38,Q1,Q2,Q3
中等,12.4,0.34,0.42,Q4,Q1,Q3
中等,12.0,0.49,0.27,Q4,Q2,Q3
中等,11.2,0.48,0.09,Q4,Q2,Q1
中等,12.0,0.49,0.27,Q4,Q2,Q3
中等,12.4,0.48,0.34,Q4,Q2,Q3
中等,12.8,0.57,0.28,Q4,Q3,Q3
中等,12.3,0.23,0.42,Q4,Q1,Q3
好酒,11.7,0.3,0.41,Q4,Q1,Q3
中等,9.5,0.78,0.1,Q1,Q4,Q2
中等,10.8,0.47,0.43,Q3,Q2,Q4
中等,10.0,0.53,0.0,Q2,Q3,Q1
好酒,12.3,0.42,0.27,Q4,Q2,Q3
中等,11.0,0.33,0.41,Q3,Q1,Q3
中等,9.5,0.24,0.39,Q1,Q1,Q3
中等,13.6,0.4,0.5,Q4,Q2,Q4
中等,11.3,0.69,0.07,Q4,Q4,Q1
中等,11.3,0.69,0.07,Q4,Q4,Q1
中等,11.3,0.69,0.07,Q4,Q4,Q1
中等,13.3,0.39,0.12,Q4,Q1,Q2
中等,12.9,0.66,0.0,Q4,Q4,Q1
好酒,13.1,0.54,0.34,Q4,Q3,Q3
中等,12.3,0.5,0.0,Q4,Q2,Q1
中等,12.3,0.47,0.0,Q4,Q2,Q1
中等,11.2,0.4,0.37,Q4,Q2,Q3
差酒,11.5,0.58,0.0,Q4,Q3,Q1
好酒,11.3,0.24,0.35,Q4,Q1,Q3
中等,13.5,0.29,0.26,Q4,Q1,Q2
中等,11.5,0.76,0.0,Q4,Q4,Q1
中等,10.0,0.43,0.33,Q2,Q2,Q3
中等,10.5,0.43,0.35,Q3,Q2,Q3
中等,10.4,0.6,0.0,Q3,Q3,Q1
中等,9.5,0.19,0.21,Q1,Q1,Q2
好酒,13.6,0.36,0.34,Q4,Q1,Q3
好酒,11.2,0.48,0.07,Q4,Q2,Q1
好酒,11.8,0.28,0.35,Q4,Q1,Q3
中等,11.9,0.25,0.43,Q4,Q1,Q4
中等,11.4,0.52,0.45,Q4,Q2,Q4
中等,11.4,0.52,0.45,Q4,Q2,Q4
中等,9.1,0.41,0.15,Q1,Q2,Q2
中等,9.5,0.51,0.24,Q1,Q2,Q2
中等,9.5,0.4,0.3,Q1,Q2,Q3
中等,11.0,0.38,0.32,Q3,Q1,Q3
中等,11.4,0.45,0.11,Q4,Q2,Q2
中等,10.0,0.22,0.3,Q2,Q1,Q3
中等,10.1,0.32,0.23,Q2,Q1,Q2
中等,10.4,0.2,0.43,Q3,Q1,Q4
中等,9.8,0.5,0.12,Q2,Q2,Q2
好酒,11.8,0.41,0.45,Q4,Q2,Q4
中等,11.6,0.39,0.42,Q4,Q1,Q3
中等,12.0,0.35,0.47,Q4,Q1,Q4
好酒,12.8,0.33,0.32,Q4,Q1,Q3
中等,12.5,0.58,0.23,Q4,Q3,Q2
中等,9.8,0.6,0.25,Q2,Q3,Q2
中等,11.1,0.42,0.35,Q3,Q2,Q3
中等,11.4,0.58,0.0,Q4,Q3,Q1
中等,9.8,0.6,0.25,Q2,Q3,Q2
好酒,11.8,0.18,0.51,Q4,Q1,Q4
好酒,12.9,0.51,0.18,Q4,Q2,Q2
中等,10.6,0.41,0.43,Q3,Q2,Q4
中等,10.8,0.41,0.43,Q3,Q2,Q4
好酒,11.1,0.36,0.57,Q3,Q1,Q4
中等,10.2,0.45,0.43,Q2,Q2,Q4
好酒,11.8,0.32,0.42,Q4,Q1,Q3
中等,10.0,0.785,0.24,Q2,Q4,Q2
中等,10.0,0.785,0.24,Q2,Q4,Q2
中等,9.4,0.44,0.5,Q1,Q2,Q4
中等,10.2,0.54,0.26,Q2,Q3,Q2
好酒,12.4,0.33,0.39,Q4,Q1,Q3
中等,12.0,0.34,0.27,Q4,Q1,Q3
中等,11.5,0.5,0.29,Q4,Q2,Q3
中等,10.5,0.36,0.34,Q3,Q1,Q3
中等,10.8,0.59,0.0,Q3,Q3,Q1
中等,12.3,0.42,0.46,Q4,Q2,Q4
中等,9.5,0.36,0.31,Q1,Q1,Q3
中等,9.5,0.36,0.31,Q1,Q1,Q3
中等,11.5,0.61,0.0,Q4,Q3,Q1
差酒,11.2,0.88,0.03,Q4,Q4,Q1
好酒,12.7,0.66,0.0,Q4,Q4,Q1
中等,11.4,0.915,0.0,Q4,Q4,Q1
中等,11.0,0.35,0.33,Q3,Q1,Q3
中等,11.0,0.35,0.33,Q3,Q1,Q3
中等,11.4,0.39,0.43,Q4,Q1,Q4
中等,10.5,0.4,0.4,Q3,Q2,Q3
中等,9.3,0.66,0.07,Q1,Q4,Q1
中等,10.9,0.64,0.23,Q3,Q3,Q2
中等,11.9,0.43,0.3,Q4,Q2,Q3
中等,12.2,0.8,0.03,Q4,Q4,Q1
中等,11.9,0.43,0.3,Q4,Q2,Q3
中等,10.9,0.64,0.23,Q3,Q3,Q2
差酒,9.6,0.955,0.05,Q2,Q4,Q1
中等,12.5,0.4,0.57,Q4,Q2,Q4
中等,10.8,0.885,0.0,Q3,Q4,Q1
好酒,12.4,0.25,0.37,Q4,Q1,Q3
中等,10.8,0.885,0.0,Q3,Q4,Q1
中等,9.5,0.745,0.12,Q1,Q4,Q2
中等,9.5,0.43,0.22,Q1,Q2,Q2
中等,9.5,0.58,0.23,Q1,Q3,Q2
中等,9.8,0.57,0.21,Q2,Q3,Q2
中等,10.9,0.26,0.26,Q3,Q1,Q2
中等,9.5,0.58,0.23,Q1,Q3,Q2
中等,9.8,0.57,0.21,Q2,Q3,Q2
好酒,11.2,0.34,0.36,Q4,Q1,Q3
好酒,11.7,0.42,0.39,Q4,Q2,Q3
中等,9.4,0.74,0.19,Q1,Q4,Q2
好酒,11.0,0.36,0.46,Q3,Q1,Q4
好酒,11.0,0.36,0.46,Q3,Q1,Q4
好酒,11.0,0.36,0.46,Q3,Q1,Q4
中等,10.0,0.72,0.55,Q2,Q4,Q4
好酒,11.0,0.36,0.46,Q3,Q1,Q4
好酒,11.2,0.39,0.43,Q4,Q1,Q4
中等,10.4,0.65,0.02,Q3,Q4,Q1
中等,9.3,0.44,0.15,Q1,Q2,Q2
中等,10.4,0.65,0.02,Q3,Q4,Q1
中等,10.5,0.38,0.42,Q3,Q1,Q3
中等,10.4,0.33,0.46,Q3,Q1,Q4
中等,11.3,0.27,0.46,Q4,Q1,Q4
中等,9.5,0.57,0.31,Q1,Q3,Q3
中等,12.0,0.34,0.37,Q4,Q1,Q3
中等,10.6,0.4,0.31,Q3,Q2,Q3
中等,10.9,0.39,0.4,Q3,Q1,Q3
中等,11.5,0.32,0.52,Q4,Q1,Q4
中等,11.5,0.32,0.52,Q4,Q1,Q4
中等,9.6,0.53,0.22,Q2,Q3,Q2
中等,12.0,0.36,0.47,Q4,Q1,Q4
中等,10.3,0.39,0.49,Q3,Q1,Q4
中等,9.4,0.46,0.23,Q1,Q2,Q2
中等,9.2,0.58,0.03,Q1,Q3,Q1
中等,9.6,0.58,0.25,Q2,Q3,Q2
好酒,13.6,0.42,0.0,Q4,Q2,Q1
中等,9.5,0.43,0.29,Q1,Q2,Q3
中等,11.8,0.18,0.34,Q4,Q1,Q3
中等,10.8,0.815,0.01,Q3,Q4,Q1
中等,9.5,0.43,0.29,Q1,Q2,Q3
差酒,9.3,0.23,0.37,Q1,Q1,Q3
中等,12.8,0.75,0.01,Q4,Q4,Q1
差酒,11.5,0.33,0.32,Q4,Q1,Q3
中等,9.4,0.55,0.0,Q1,Q3,Q1
中等,12.8,0.75,0.01,Q4,Q4,Q1
差酒,9.6,0.73,0.0,Q2,Q4,Q1
差酒,11.8,0.67,0.0,Q4,Q4,Q1
中等,9.3,0.61,0.2,Q1,Q3,Q2
中等,9.8,0.37,0.39,Q2,Q1,Q3
中等,12.2,0.4,0.41,Q4,Q2,Q3
中等,9.5,0.56,0.22,Q1,Q3,Q2
中等,10.3,0.29,0.25,Q3,Q1,Q2
中等,10.5,0.55,0.19,Q3,Q3,Q2
中等,10.0,0.74,0.07,Q2,Q4,Q1
中等,10.5,0.55,0.19,Q3,Q3,Q2
中等,11.1,0.41,0.33,Q3,Q2,Q3
中等,10.9,0.6,0.01,Q3,Q3,Q1
中等,10.9,0.6,0.01,Q3,Q3,Q1
中等,9.8,0.58,0.14,Q2,Q3,Q2
中等,9.8,0.72,0.0,Q2,Q4,Q1
中等,9.5,0.66,0.0,Q1,Q4,Q1
中等,10.9,0.7,0.06,Q3,Q4,Q1
中等,11.0,0.64,0.02,Q3,Q3,Q1
中等,9.2,0.59,0.22,Q1,Q3,Q2
中等,11.0,0.58,0.28,Q3,Q3,Q3
中等,11.3,0.64,0.0,Q4,Q3,Q1
中等,11.3,0.64,0.0,Q4,Q3,Q1
中等,9.3,0.635,0.68,Q1,Q3,Q4
差酒,11.2,1.02,0.0,Q4,Q4,Q1
中等,9.8,0.45,0.38,Q2,Q2,Q3
差酒,9.6,0.78,0.0,Q2,Q4,Q1
中等,11.8,0.37,0.32,Q4,Q1,Q3
中等,10.3,0.57,0.05,Q3,Q3,Q1
中等,10.3,0.57,0.05,Q3,Q3,Q1
中等,11.4,0.43,0.5,Q4,Q2,Q4
中等,9.5,0.41,0.31,Q1,Q2,Q3
好酒,14.0,0.49,0.03,Q4,Q2,Q1
中等,14.0,0.38,0.01,Q4,Q1,Q1
中等,11.7,0.44,0.2,Q4,Q2,Q2
中等,11.2,0.46,0.0,Q4,Q2,Q1
中等,9.3,0.58,0.2,Q1,Q3,Q2
中等,11.2,0.58,0.13,Q4,Q3,Q2
中等,9.5,0.715,0.22,Q1,Q4,Q2
差酒,12.0,0.4,0.4,Q4,Q2,Q3
中等,9.7,0.69,0.0,Q2,Q4,Q1
中等,9.5,0.715,0.22,Q1,Q4,Q2
好酒,11.5,0.3,0.39,Q4,Q1,Q3
中等,10.4,0.46,0.2,Q3,Q2,Q2
中等,10.4,0.46,0.2,Q3,Q2,Q2
中等,10.9,0.765,0.0,Q3,Q4,Q1
中等,10.2,0.63,0.28,Q2,Q3,Q3
中等,10.9,0.42,0.19,Q3,Q2,Q2
中等,10.5,0.37,0.5,Q3,Q1,Q4
中等,12.4,0.16,0.44,Q4,Q1,Q4
中等,13.0,0.6,0.08,Q4,Q3,Q1
中等,10.2,0.6,0.3,Q2,Q3,Q3
中等,10.2,0.6,0.3,Q2,Q3,Q3
中等,11.0,0.74,0.0,Q3,Q4,Q1
中等,10.9,0.635,0.1,Q3,Q3,Q2
中等,12.4,0.395,0.13,Q4,Q2,Q2
差酒,9.7,0.755,0.0,Q2,Q4,Q1
中等,10.9,0.635,0.1,Q3,Q3,Q2
中等,9.5,0.63,0.0,Q1,Q3,Q1
中等,9.5,0.63,0.0,Q1,Q3,Q1
中等,12.1,0.53,0.14,Q4,Q3,Q2
中等,12.2,0.6,0.0,Q4,Q3,Q1
差酒,10.9,1.58,0.0,Q3,Q4,Q1
中等,12.5,0.645,0.0,Q4,Q4,Q1
中等,11.7,0.86,0.07,Q4,Q4,Q1
中等,11.2,0.37,0.32,Q4,Q1,Q3
中等,11.2,0.28,0.44,Q4,Q1,Q4
中等,9.2,0.79,0.21,Q1,Q4,Q2
中等,9.8,0.61,0.26,Q2,Q3,Q2
中等,10.1,0.69,0.32,Q2,Q4,Q3
差酒,11.1,0.68,0.09,Q3,Q4,Q1
中等,10.1,0.69,0.32,Q2,Q4,Q3
中等,9.2,0.62,0.1,Q1,Q3,Q2
中等,9.8,0.61,0.26,Q2,Q3,Q2
中等,12.8,0.51,0.15,Q4,Q2,Q2
中等,10.5,1.18,0.21,Q3,Q4,Q2
中等,10.1,0.36,0.21,Q2,Q1,Q2
中等,10.1,0.36,0.21,Q2,Q1,Q2
中等,9.8,0.63,0.27,Q2,Q3,Q3
中等,12.5,0.74,0.0,Q4,Q4,Q1
中等,11.9,0.44,0.46,Q4,Q2,Q4
中等,9.8,0.63,0.27,Q2,Q3,Q3
中等,9.1,0.76,0.68,Q1,Q4,Q4
中等,10.1,0.66,0.34,Q2,Q4,Q3
中等,12.5,0.74,0.0,Q4,Q4,Q1
中等,11.4,0.34,0.42,Q4,Q1,Q3
好酒,11.0,0.36,0.39,Q3,Q1,Q3
中等,10.6,0.46,0.24,Q3,Q2,Q2
中等,10.6,0.46,0.24,Q3,Q2,Q2
中等,10.6,0.46,0.24,Q3,Q2,Q2
中等,10.6,0.46,0.24,Q3,Q2,Q2
中等,9.3,0.52,0.11,Q1,Q2,Q2
中等,9.8,0.6,0.26,Q2,Q3,Q2
中等,9.8,0.6,0.26,Q2,Q3,Q2
中等,9.2,0.87,0.26,Q1,Q4,Q2
中等,9.7,0.39,0.1,Q2,Q1,Q2
中等,9.6,0.775,0.22,Q2,Q4,Q2
中等,10.0,0.835,0.0,Q2,Q4,Q1
中等,12.6,0.58,0.02,Q4,Q3,Q1
中等,9.5,0.5,0.0,Q1,Q2,Q1
中等,9.5,0.5,0.0,Q1,Q2,Q1
中等,9.5,0.5,0.0,Q1,Q2,Q1
中等,10.5,0.51,0.02,Q3,Q2,Q1
中等,10.5,0.51,0.02,Q3,Q2,Q1
中等,10.5,0.51,0.02,Q3,Q2,Q1
中等,10.4,0.54,0.02,Q3,Q3,Q1
中等,10.5,0.51,0.02,Q3,Q2,Q1
中等,11.0,0.42,0.48,Q3,Q2,Q4
中等,10.2,0.44,0.24,Q2,Q2,Q2
中等,11.4,0.59,0.01,Q4,Q3,Q1
中等,9.5,0.655,0.03,Q1,Q4,Q1
中等,9.5,0.655,0.03,Q1,Q4,Q1
中等,10.8,0.57,0.0,Q3,Q3,Q1
中等,10.0,0.6,0.29,Q2,Q3,Q3
中等,11.8,0.62,0.01,Q4,Q3,Q1
中等,10.3,0.645,0.03,Q3,Q4,Q1
中等,10.3,0.645,0.03,Q3,Q4,Q1
中等,10.0,0.58,0.03,Q2,Q3,Q1
中等,10.1,0.32,0.25,Q2,Q1,Q2
中等,10.1,0.34,0.25,Q2,Q1,Q2
中等,11.1,0.43,0.24,Q3,Q2,Q2
中等,9.5,0.64,0.17,Q1,Q3,Q2
中等,10.0333333333333,0.475,0.4,Q2,Q2,Q3
中等,10.9,0.54,0.31,Q3,Q3,Q3
中等,10.1,0.85,0.14,Q2,Q4,Q2
中等,10.0333333333333,0.475,0.4,Q2,Q2,Q3
差酒,9.8,0.83,0.27,Q2,Q4,Q3
中等,11.8,0.605,0.02,Q4,Q3,Q1
中等,9.5,0.5,0.09,Q1,Q2,Q1
中等,9.8,0.74,0.08,Q2,Q4,Q1
中等,10.5,0.54,0.3,Q3,Q3,Q3
中等,9.8,0.77,0.32,Q2,Q4,Q3
差酒,10.4,0.61,0.0,Q3,Q3,Q1
中等,9.2,0.78,0.51,Q1,Q4,Q4
中等,11.6,0.58,0.56,Q4,Q3,Q4
中等,9.2,0.78,0.51,Q1,Q4,Q4
中等,9.3,0.75,0.27,Q1,Q4,Q3
差酒,9.8,0.815,0.0,Q2,Q4,Q1
中等,9.9,0.56,0.26,Q2,Q3,Q2
中等,10.0,0.885,0.2,Q2,Q4,Q2
中等,12.2,0.49,0.26,Q4,Q2,Q2
中等,9.9,0.45,0.15,Q2,Q2,Q2
中等,10.8,0.57,0.02,Q3,Q3,Q1
中等,10.8,0.57,0.02,Q3,Q3,Q1
中等,9.6,0.83,0.09,Q2,Q4,Q1
中等,9.9,0.6,0.22,Q2,Q3,Q2
中等,9.9,0.6,0.22,Q2,Q3,Q2
中等,9.5,0.755,0.15,Q1,Q4,Q2
中等,9.2,0.81,0.25,Q1,Q4,Q2
中等,9.6,0.64,0.07,Q2,Q3,Q1
中等,9.6,0.64,0.07,Q2,Q3,Q1
中等,10.3,0.64,0.31,Q3,Q3,Q3
中等,9.7,0.48,0.02,Q2,Q2,Q1
中等,12.5,0.49,0.0,Q4,Q2,Q1
中等,11.0,0.64,0.22,Q3,Q3,Q2
中等,9.8,0.62,0.06,Q2,Q3,Q1
中等,10.2,0.52,0.25,Q2,Q2,Q2
中等,9.2,0.57,0.14,Q1,Q3,Q2
中等,9.55,0.685,0.1,Q2,Q4,Q2
中等,9.55,0.675,0.1,Q2,Q4,Q2
中等,9.9,0.59,0.26,Q2,Q3,Q2
好酒,10.2,0.6,0.12,Q2,Q3,Q2
中等,11.1,0.67,0.0,Q3,Q4,Q1
中等,9.9,0.69,0.21,Q2,Q4,Q2
中等,9.9,0.69,0.21,Q2,Q4,Q2
中等,11.9,0.3,0.42,Q4,Q1,Q3
好酒,10.0,0.33,0.33,Q2,Q1,Q3
中等,10.7,0.5,0.39,Q3,Q2,Q3
好酒,11.3,0.28,0.3,Q4,Q1,Q3
中等,10.9,0.24,0.34,Q3,Q1,Q3
中等,10.7,0.51,0.0,Q3,Q2,Q1
好酒,12.4,0.29,0.36,Q4,Q1,Q3
中等,10.7,0.51,0.0,Q3,Q2,Q1
中等,11.9,0.96,0.0,Q4,Q4,Q1
中等,10.6,0.47,0.4,Q3,Q2,Q3
中等,10.9,0.24,0.34,Q3,Q1,Q3
中等,10.1,0.57,0.25,Q2,Q3,Q2
中等,9.6,0.32,0.59,Q2,Q1,Q4
中等,9.4,0.58,0.0,Q1,Q3,Q1
中等,9.6,0.32,0.59,Q2,Q1,Q4
好酒,12.1,0.34,0.33,Q4,Q1,Q3
中等,9.8,0.53,0.01,Q2,Q3,Q1
中等,9.9,0.64,0.21,Q2,Q3,Q2
中等,9.8,0.53,0.01,Q2,Q3,Q1
中等,9.4,0.4,0.18,Q1,Q2,Q2
中等,11.4,0.54,0.0,Q4,Q3,Q1
差酒,11.0,0.53,0.09,Q3,Q3,Q1
中等,9.6,0.26,0.37,Q2,Q1,Q3
中等,9.6,0.26,0.37,Q2,Q1,Q3
中等,12.1,0.23,0.37,Q4,Q1,Q3
中等,11.2,0.41,0.33,Q4,Q2,Q3
中等,11.0,0.64,0.0,Q3,Q3,Q1
中等,11.3,0.18,0.4,Q4,Q1,Q3
中等,10.4,0.41,0.24,Q3,Q2,Q2
中等,9.9,0.43,0.31,Q2,Q2,Q3
中等,11.7,0.44,0.0,Q4,Q2,Q1
好酒,10.1,0.4,0.16,Q2,Q2,Q2
中等,9.0,0.54,0.37,Q1,Q3,Q3
中等,9.0,0.54,0.37,Q1,Q3,Q3
中等,8.5,0.38,0.38,Q1,Q1,Q3
中等,11.1,0.915,0.29,Q3,Q4,Q3
中等,10.3,0.59,0.0,Q3,Q3,Q1
中等,11.0666666666667,0.67,0.02,Q3,Q4,Q1
好酒,11.3,0.37,0.32,Q4,Q1,Q3
中等,9.56666666666667,0.785,0.19,Q2,Q4,Q2
中等,9.8,0.63,0.02,Q2,Q3,Q1
中等,11.7,0.58,0.2,Q4,Q3,Q2
中等,11.1,0.67,0.02,Q3,Q4,Q1
中等,9.6,0.785,0.19,Q2,Q4,Q2
中等,9.8,0.63,0.02,Q2,Q3,Q1
中等,9.7,0.67,0.0,Q2,Q4,Q1
中等,9.7,0.58,0.01,Q2,Q3,Q1
好酒,11.3,0.38,0.31,Q4,Q1,Q3
好酒,11.3,0.37,0.32,Q4,Q1,Q3
好酒,11.0,0.32,0.44,Q3,Q1,Q4
好酒,11.6,0.58,0.02,Q4,Q3,Q1
中等,9.0,0.49,0.33,Q1,Q2,Q3
中等,10.9,0.45,0.63,Q3,Q2,Q4
中等,10.9,0.9,0.0,Q3,Q4,Q1
中等,10.55,0.54,0.06,Q3,Q3,Q1
中等,9.0,0.49,0.33,Q1,Q2,Q3
中等,10.5,0.29,0.4,Q3,Q1,Q3
好酒,11.9,0.2,0.35,Q4,Q1,Q3
中等,10.4,0.42,0.09,Q3,Q2,Q1
差酒,10.0,0.785,0.0,Q2,Q4,Q1
中等,10.4,0.64,0.03,Q3,Q3,Q1
中等,10.8,0.63,0.01,Q3,Q3,Q1
中等,9.7,0.59,0.1,Q2,Q3,Q2
中等,9.7,0.59,0.1,Q2,Q3,Q2
好酒,10.0,0.48,0.32,Q2,Q2,Q3
差酒,11.0,1.04,0.08,Q3,Q4,Q1
好酒,10.0,0.48,0.32,Q2,Q2,Q3
差酒,9.7,0.98,0.05,Q2,Q4,Q1
中等,9.7,0.69,0.11,Q2,Q4,Q2
中等,12.6,0.7,0.08,Q4,Q4,Q1
中等,11.1,0.35,0.6,Q3,Q1,Q4
中等,11.0,0.6,0.08,Q3,Q3,Q1
中等,8.8,0.5,0.5,Q1,Q2,Q4
好酒,13.5666666666667,0.47,0.11,Q4,Q2,Q2
中等,8.8,0.5,0.5,Q1,Q2,Q4
好酒,13.6,0.47,0.11,Q4,Q2,Q2
差酒,10.2,0.875,0.05,Q2,Q4,Q1
中等,10.6,0.28,0.6,Q3,Q1,Q4
差酒,10.1,0.62,0.03,Q2,Q3,Q1
中等,10.6,0.28,0.6,Q3,Q1,Q4
差酒,10.3,0.58,0.54,Q3,Q3,Q4
中等,10.7,0.33,0.44,Q3,Q1,Q4
差酒,10.9,0.91,0.06,Q3,Q4,Q1
中等,9.7,0.655,0.16,Q2,Q4,Q2
中等,10.3,0.68,0.21,Q3,Q4,Q2
中等,10.6,0.64,0.05,Q3,Q3,Q1
中等,11.4,0.54,0.04,Q4,Q3,Q1
中等,10.8,0.57,0.1,Q3,Q3,Q2
中等,12.4,0.22,0.49,Q4,Q1,Q4
中等,11.4,0.54,0.04,Q4,Q3,Q1
中等,11.95,0.65,0.06,Q4,Q4,Q1
中等,9.7,0.54,0.26,Q2,Q3,Q2
好酒,10.0,0.31,0.09,Q2,Q1,Q1
中等,10.6,0.43,0.02,Q3,Q2,Q1
中等,9.7,0.54,0.26,Q2,Q3,Q2
中等,11.5,0.74,0.03,Q4,Q4,Q1
中等,10.8,0.895,0.04,Q3,Q4,Q1
中等,11.5,0.74,0.03,Q4,Q4,Q1
中等,9.6,0.725,0.04,Q2,Q4,Q1
中等,9.4,0.82,0.29,Q1,Q4,Q3
中等,9.8,0.585,0.18,Q2,Q3,Q2
中等,11.0,0.44,0.39,Q3,Q2,Q3
中等,11.4,0.38,0.57,Q4,Q1,Q4
差酒,9.95,0.76,0.02,Q2,Q4,Q1
中等,10.8,0.81,0.05,Q3,Q4,Q1
中等,11.4,0.38,0.57,Q4,Q1,Q4
中等,10.6,0.27,0.6,Q3,Q1,Q4
中等,11.1,0.18,0.4,Q3,Q1,Q3
中等,9.7,0.36,0.21,Q2,Q1,Q2
中等,9.8,0.69,0.04,Q2,Q4,Q1
中等,10.4,0.79,0.04,Q3,Q4,Q1
中等,10.5,0.56,0.15,Q3,Q3,Q2
中等,9.23333333333333,0.84,0.21,Q1,Q4,Q2
中等,9.25,0.84,0.21,Q1,Q4,Q2
中等,10.6,0.32,0.25,Q3,Q1,Q2
中等,10.3,0.53,0.06,Q3,Q3,Q1
中等,10.5,0.47,0.46,Q3,Q2,Q4
中等,10.2,0.7,0.08,Q2,Q4,Q1
中等,10.3,0.53,0.06,Q3,Q3,Q1
差酒,9.05,0.48,0.2,Q1,Q2,Q2
中等,10.6,0.32,0.25,Q3,Q1,Q2
中等,10.4,0.48,0.25,Q3,Q2,Q2
中等,10.0,0.42,0.19,Q2,Q2,Q2
中等,9.7,0.48,0.08,Q2,Q2,Q1
中等,9.6,0.47,0.08,Q2,Q2,Q1
中等,10.8,0.53,0.07,Q3,Q3,Q1
中等,10.1,0.29,0.49,Q2,Q1,Q4
中等,10.2,0.69,0.08,Q2,Q4,Q1
中等,11.3,0.44,0.09,Q4,Q2,Q1
中等,10.2,0.705,0.1,Q2,Q4,Q2
中等,9.9,0.53,0.13,Q2,Q3,Q2
中等,9.0,0.39,0.3,Q1,Q1,Q3
好酒,11.7,0.56,0.14,Q4,Q3,Q2
中等,9.7,0.55,0.13,Q2,Q3,Q2
中等,10.3,0.53,0.08,Q3,Q3,Q1
中等,10.2,0.58,0.08,Q2,Q3,Q1
中等,12.0,0.64,0.09,Q4,Q3,Q1
中等,9.9,0.39,0.32,Q2,Q1,Q3
中等,11.6,0.52,0.08,Q4,Q2,Q1
好酒,10.9,0.25,0.29,Q3,Q1,Q3
中等,10.75,0.855,0.02,Q3,Q4,Q1
中等,10.4,0.44,0.42,Q3,Q2,Q3
好酒,11.2,0.37,0.43,Q4,Q1,Q4
中等,10.1,0.63,0.33,Q2,Q3,Q3
中等,10.2,0.57,0.02,Q2,Q3,Q1
中等,12.1,0.6,0.1,Q4,Q3,Q2
中等,10.4,0.4,0.5,Q3,Q2,Q4
好酒,11.4,0.36,0.3,Q4,Q1,Q3
中等,9.5,0.68,0.0,Q1,Q4,Q1
中等,9.4,0.67,0.0,Q1,Q4,Q1
中等,11.3,0.68,0.01,Q4,Q4,Q1
中等,9.4,0.735,0.0,Q1,Q4,Q1
中等,11.0,0.855,0.02,Q3,Q4,Q1
好酒,10.55,0.56,0.17,Q3,Q3,Q2
中等,9.9,0.88,0.04,Q2,Q4,Q1
中等,11.0,0.855,0.02,Q3,Q4,Q1
中等,9.5,0.63,0.33,Q1,Q3,Q3
中等,9.9,0.6,0.26,Q2,Q3,Q2
中等,9.9,0.6,0.26,Q2,Q3,Q2
中等,9.9,0.6,0.26,Q2,Q3,Q2
中等,10.1,0.695,0.13,Q2,Q4,Q2
中等,10.1,0.695,0.13,Q2,Q4,Q2
中等,10.1,0.695,0.13,Q2,Q4,Q2
中等,10.9,0.67,0.02,Q3,Q4,Q1
中等,11.2,0.16,0.64,Q4,Q1,Q4
中等,10.1,0.695,0.13,Q2,Q4,Q2
中等,9.2,0.56,0.13,Q1,Q3,Q2
中等,11.5,0.51,0.14,Q4,Q2,Q2
中等,12.4,0.36,0.53,Q4,Q1,Q4
中等,11.1,0.38,0.14,Q3,Q1,Q2
中等,9.5,0.69,0.32,Q1,Q4,Q3
中等,12.5,0.58,0.2,Q4,Q3,Q2
中等,10.5,0.31,0.78,Q3,Q1,Q4
中等,11.8,0.52,0.4,Q4,Q2,Q3
中等,10.8,0.3,0.63,Q3,Q1,Q4
中等,11.9,0.7,0.15,Q4,Q4,Q2
中等,11.3,0.67,0.15,Q4,Q4,Q2
中等,11.3,0.56,0.09,Q4,Q3,Q1
中等,11.9,0.35,0.33,Q4,Q1,Q3
中等,11.3,0.56,0.09,Q4,Q3,Q1
中等,11.9,0.715,0.1,Q4,Q4,Q2
中等,9.8,0.46,0.29,Q2,Q2,Q3
好酒,11.6,0.32,0.44,Q4,Q1,Q4
中等,11.5,0.39,0.44,Q4,Q1,Q4
中等,11.4,0.31,0.41,Q4,Q1,Q3
中等,10.9,0.61,0.11,Q3,Q3,Q2
中等,12.8,0.66,0.33,Q4,Q4,Q3
中等,9.2,0.725,0.2,Q1,Q4,Q2
中等,11.6,0.55,0.15,Q4,Q3,Q2
中等,11.6,0.74,0.09,Q4,Q4,Q1
中等,11.0,0.51,0.13,Q3,Q2,Q2
中等,9.5,0.62,0.08,Q1,Q3,Q1
中等,10.5,0.6,0.08,Q3,Q3,Q1
中等,11.2,0.55,0.1,Q4,Q3,Q2
中等,11.0,0.51,0.13,Q3,Q2,Q2
中等,10.2,0.645,0.12,Q2,Q4,Q2
中等,11.0,0.31,0.47,Q3,Q1,Q4
